episodio,seed,reward,loss,eps,avg_reward_30ep,promoveu_pct,combo_pct,combo_invalido_pdv,acao_nada,acao_desc3,acao_desc5,acao_desc7,acao_desc10,acao_combo
0,0,-4073.4999999999995,0.0,0.995,-4073.4999999999995,0.9,0.1,1,3,5,7,6,6,3
1,0,-3321.9100000000008,0.0,0.990025,-3697.705,0.8,0.2,0,6,1,6,5,6,6
2,0,-2635.16,449.7133563006366,0.985074875,-3343.523333333333,0.9333333333333333,0.16666666666666666,0,2,4,4,9,6,5
3,0,-2281.7099999999996,472.8077128092448,0.9801495006250001,-3078.0699999999997,0.9,0.16666666666666666,0,3,7,5,6,4,5
4,0,-311.55999999999995,440.5394704182943,0.9752487531218751,-2524.7679999999996,0.9,0.23333333333333334,0,3,8,3,5,4,7
5,0,-2050.53,362.3441101074219,0.9703725093562657,-2445.728333333333,0.8333333333333334,0.13333333333333333,0,5,4,8,3,6,4
6,0,-61.37000000000013,338.5688985188802,0.9655206468094844,-2105.1057142857144,0.7,0.2,0,9,3,1,6,5,6
7,0,-3978.8800000000006,351.4247263590495,0.960693043575437,-2339.3275,0.8333333333333334,0.16666666666666666,0,5,4,8,5,3,5
8,0,-1243.36,335.13072814941404,0.9558895783575597,-2217.5533333333333,0.8333333333333334,0.13333333333333333,0,5,6,6,5,4,4
9,0,298.7000000000001,327.83025410970055,0.9511101304657719,-1965.9279999999999,0.8666666666666667,0.06666666666666667,0,4,9,10,2,3,2
10,0,-1792.4499999999998,338.7547012329102,0.946354579813443,-1950.1572727272726,0.7666666666666667,0.03333333333333333,0,7,4,8,7,3,1
11,0,-441.91999999999996,329.5614715576172,0.9416228069143757,-1824.470833333333,0.7333333333333333,0.2,0,8,7,4,2,3,6
12,0,-2070.1600000000008,339.82239227294923,0.9369146928798039,-1843.37,0.7,0.2,0,9,3,5,3,4,6
13,0,2464.6999999999994,338.7550567626953,0.9322301194154049,-1535.650714285714,0.8666666666666667,0.26666666666666666,2,4,2,6,6,4,8
14,0,-293.49,343.89946797688805,0.9275689688183278,-1452.84,0.6333333333333333,0.1,0,11,5,3,1,7,3
15,0,-1149.7599999999998,345.7942647298177,0.9229311239742362,-1433.8975,0.7,0.16666666666666666,0,9,4,3,4,5,5
16,0,-2915.0600000000004,332.17832539876304,0.918316468354365,-1521.0247058823531,0.8333333333333334,0.23333333333333334,0,5,6,4,6,2,7
17,0,846.0200000000002,346.7732233683268,0.9137248860125932,-1389.5222222222224,0.8,0.23333333333333334,0,6,2,5,6,4,7
18,0,-455.07999999999976,353.90981038411456,0.9091562615825302,-1340.341052631579,0.8,0.1,0,6,6,6,4,5,3
19,0,-3455.1099999999997,368.28453470865884,0.9046104802746175,-1446.0795,0.8666666666666667,0.26666666666666666,0,4,1,6,6,5,8
20,0,-1605.9899999999998,352.57456258138023,0.9000874278732445,-1453.6942857142858,0.6666666666666666,0.1,0,10,5,5,2,5,3
21,0,-1280.56,360.0140340169271,0.8955869907338783,-1445.8245454545456,0.8,0.1,1,6,5,7,0,9,3
22,0,-2431.9299999999994,368.52666625976565,0.8911090557802088,-1488.698695652174,0.8333333333333334,0.13333333333333333,0,5,4,7,4,6,4
23,0,-883.0500000000005,354.2245340983073,0.8866535105013078,-1463.4633333333334,0.8,0.16666666666666666,0,6,4,3,5,7,5
24,0,-3066.1799999999994,338.9385955810547,0.8822202429488013,-1527.5720000000001,0.7333333333333333,0.1,0,8,2,5,7,5,3
25,0,466.88000000000005,346.4888895670573,0.8778091417340573,-1450.862307692308,0.8,0.1,0,6,7,5,4,5,3
26,0,-1830.5300000000009,341.68790232340496,0.8734200960253871,-1464.9240740740743,0.9333333333333333,0.13333333333333333,0,2,7,3,6,8,4
27,0,-1103.4899999999998,326.6560750325521,0.8690529955452602,-1452.0157142857145,0.7666666666666667,0.16666666666666666,0,7,6,3,3,6,5
28,0,1301.8800000000003,333.7188242594401,0.8647077305675338,-1357.0537931034485,0.7666666666666667,0.23333333333333334,0,7,1,4,5,6,7
29,0,-2789.7500000000005,338.46702067057294,0.8603841919146962,-1404.8103333333336,0.8333333333333334,0.16666666666666666,1,5,4,7,6,3,5
30,0,-2450.65,332.6760859171549,0.8560822709551227,-1350.7153333333335,0.9,0.23333333333333334,0,3,3,10,5,2,7
31,0,2658.58,318.2857091267904,0.851801859600347,-1151.365666666667,0.8,0.2,0,6,4,4,4,6,6
32,0,1096.7699999999998,319.8987630208333,0.8475428503023453,-1026.9679999999998,0.8666666666666667,0.23333333333333334,0,4,2,8,0,9,7
33,0,-3720.949999999999,332.1643295288086,0.8433051360508336,-1074.9426666666666,0.7666666666666667,0.1,1,7,6,8,2,4,3
34,0,-2618.54,344.2958526611328,0.8390886103705794,-1151.842,0.7333333333333333,0.1,0,8,5,5,4,5,3
35,0,-1436.26,392.4239974975586,0.8348931673187264,-1131.3663333333336,0.7666666666666667,0.06666666666666667,0,7,4,4,6,7,2
36,0,-2198.2400000000007,387.9663452148437,0.8307187014821328,-1202.5953333333334,0.8333333333333334,0.36666666666666664,1,5,4,2,1,7,11
37,0,-1766.6300000000006,381.65444132486977,0.8265651079747222,-1128.8536666666666,0.8333333333333334,0.2,0,5,4,5,9,1,6
38,0,-2109.2700000000004,377.79803161621095,0.8224322824348486,-1157.7173333333335,0.8,0.26666666666666666,0,6,7,1,5,3,8
39,0,-3350.24,354.96666666666664,0.8183201210226743,-1279.3486666666665,0.7333333333333333,0.06666666666666667,0,8,5,4,6,5,2
40,0,-1355.2099999999998,356.5963470458984,0.8142285204175609,-1264.7740000000001,0.8333333333333334,0.26666666666666666,1,5,3,6,4,4,8
41,0,416.3200000000001,357.72149556477865,0.810157377815473,-1236.1660000000002,0.8666666666666667,0.3,1,4,6,5,3,3,9
42,0,1057.06,353.24164021809895,0.8061065909263957,-1131.9253333333334,0.8,0.36666666666666664,0,6,1,3,4,5,11
43,0,-2418.3,349.6025400797526,0.8020760579717637,-1294.692,0.7666666666666667,0.23333333333333334,0,7,7,5,0,4,7
44,0,829.6299999999998,377.7401926676432,0.798065677681905,-1257.254666666667,0.7,0.3333333333333333,0,9,3,4,0,4,10
45,0,-366.39,367.5679616292318,0.7940753492934954,-1231.1423333333337,0.6,0.13333333333333333,0,12,3,4,3,4,4
46,0,194.42999999999986,347.9160939534505,0.7901049725470279,-1127.4926666666665,0.7333333333333333,0.16666666666666666,0,8,3,6,5,3,5
47,0,-740.49,358.7544850667318,0.7861544476842928,-1180.3763333333336,0.6,0.26666666666666666,0,12,3,3,1,3,8
48,0,-290.9999999999999,366.1453918457031,0.7822236754458713,-1174.907,0.8333333333333334,0.26666666666666666,0,5,3,4,3,7,8
49,0,-1911.3000000000002,358.867578125,0.778312557068642,-1123.4466666666667,0.7,0.26666666666666666,0,9,3,4,2,4,8
50,0,-1365.8699999999994,363.4945963541667,0.7744209942832988,-1115.4426666666668,0.7666666666666667,0.16666666666666666,0,7,6,4,2,6,5
51,0,1004.0300000000001,356.076220703125,0.7705488893118823,-1039.2896666666668,0.8333333333333334,0.26666666666666666,1,5,2,4,8,3,8
52,0,-2982.41,422.8787892659505,0.7666961448653229,-1057.6390000000001,0.8333333333333334,0.36666666666666664,2,5,6,2,5,1,11
53,0,-184.12000000000012,427.14826049804685,0.7628626641409962,-1034.3413333333333,0.6666666666666666,0.36666666666666664,0,10,1,2,3,3,11
54,0,-1200.71,403.4694498697917,0.7590483508202912,-972.159,0.8,0.16666666666666666,1,6,7,6,3,3,5
55,0,2488.4400000000005,413.1285115559896,0.7552531090661897,-904.7736666666666,0.7,0.16666666666666666,0,9,3,4,2,7,5
56,0,-708.4100000000001,419.9215779622396,0.7514768435208588,-867.3696666666667,0.7666666666666667,0.36666666666666664,1,7,4,1,2,5,11
57,0,-2680.5400000000004,431.29469401041666,0.7477194593032545,-919.9379999999999,0.8,0.23333333333333334,0,6,4,3,5,5,7
58,0,-1260.4199999999998,410.1642100016276,0.7439808620067382,-1005.348,0.7666666666666667,0.23333333333333334,1,7,1,5,5,5,7
59,0,150.63999999999993,420.5199330647786,0.7402609576967045,-907.3349999999999,0.6333333333333333,0.3,0,11,2,3,2,3,9
60,0,-669.1699999999998,405.0084177652995,0.736559652908221,-847.9523333333332,0.8666666666666667,0.26666666666666666,0,4,8,0,3,7,8
61,0,242.3200000000001,418.5488566080729,0.7328768546436799,-928.4943333333332,0.7666666666666667,0.23333333333333334,0,7,1,3,8,4,7
62,0,-2077.1200000000003,409.7595672607422,0.7292124703704616,-1034.2906666666665,0.7333333333333333,0.2,1,8,5,3,4,4,6
63,0,-2843.6400000000003,415.35865275065106,0.7255664080186093,-1005.0469999999999,0.8,0.1,0,6,6,10,2,3,3
64,0,524.7199999999999,419.6302093505859,0.7219385759785162,-900.2716666666666,0.7666666666666667,0.3,0,7,4,4,5,1,9
65,0,2206.7599999999998,403.19354146321615,0.7183288830986236,-778.8376666666666,0.6333333333333333,0.26666666666666666,0,11,3,3,1,4,8
66,0,874.1500000000002,423.37623596191406,0.7147372386831305,-676.4246666666666,0.8,0.23333333333333334,0,6,4,4,5,4,7
67,0,-1899.7699999999998,393.75140279134115,0.7111635524897149,-680.8626666666665,0.6666666666666666,0.36666666666666664,1,10,1,1,3,4,11
68,0,-2605.55,428.0394643147786,0.7076077347272662,-697.4053333333334,0.6,0.16666666666666666,0,12,3,3,5,2,5
69,0,-980.86,471.41924845377605,0.7040696960536299,-618.426,0.6666666666666666,0.16666666666666666,0,10,4,3,3,5,5
70,0,-115.19999999999985,441.8495747884115,0.7005493475733617,-577.0923333333334,0.8666666666666667,0.4666666666666667,0,4,3,3,4,2,14
71,0,-1558.8100000000004,438.70691833496096,0.697046600835495,-642.9300000000002,0.6333333333333333,0.3,0,11,3,5,1,1,9
72,0,1857.7199999999998,438.6562947591146,0.6935613678313175,-616.2413333333334,0.7,0.13333333333333333,0,9,3,4,0,10,4
73,0,-1127.64,446.1655517578125,0.6900935609921609,-573.2193333333333,0.7,0.4,0,9,3,2,3,1,12
74,0,3305.3899999999994,444.7251719156901,0.6866430931872001,-490.694,0.8333333333333334,0.3333333333333333,0,5,4,4,4,3,10
75,0,-753.1500000000001,447.8529113769531,0.6832098777212641,-503.586,0.6666666666666666,0.16666666666666666,0,10,6,3,3,3,5
76,0,410.03,436.6614288330078,0.6797938283326578,-496.39933333333335,0.7666666666666667,0.36666666666666664,0,7,0,5,5,2,11
77,0,-36.62000000000026,433.200591023763,0.6763948591909945,-472.93700000000007,0.8,0.5333333333333333,0,6,1,1,5,1,16
78,0,-1824.5299999999997,443.66237487792966,0.6730128848950395,-524.0546666666667,0.6666666666666666,0.3333333333333333,0,10,4,2,2,2,10
79,0,4514.96,431.9894775390625,0.6696478204705644,-309.84600000000006,0.8333333333333334,0.5,0,5,3,3,0,4,15
80,0,70.65000000000003,432.6127614339193,0.6662995813682115,-261.96200000000005,0.8333333333333334,0.3333333333333333,1,5,3,2,5,5,10
81,0,91.55000000000007,431.7943969726563,0.6629680834613705,-292.3780000000002,0.6333333333333333,0.26666666666666666,0,11,1,2,4,4,8
82,0,-1005.1999999999998,438.4003621419271,0.6596532430440636,-226.47100000000012,0.8,0.16666666666666666,0,6,4,5,7,3,5
83,0,-1793.3899999999999,430.19354858398435,0.6563549768288433,-280.1133333333334,0.7333333333333333,0.26666666666666666,0,8,3,2,4,5,8
84,0,398.04,434.872895304362,0.653073201944699,-226.8216666666667,0.8,0.4,0,6,3,6,1,2,12
85,0,670.1799999999992,449.91810709635416,0.6498078359349755,-287.43033333333346,0.6666666666666666,0.36666666666666664,1,10,2,3,2,2,11
86,0,-558.55,463.4500691731771,0.6465587967553006,-282.43500000000006,0.7333333333333333,0.3,0,8,4,8,0,1,9
87,0,-181.07,442.83701883951824,0.6433260027715241,-199.11933333333343,0.8333333333333334,0.23333333333333334,0,5,5,7,3,3,7
88,0,-170.48000000000002,454.77610880533854,0.6401093727576664,-162.78800000000004,0.5666666666666667,0.26666666666666666,0,13,2,4,1,2,8
89,0,-761.4999999999998,472.3922607421875,0.6369088258938781,-193.19266666666675,0.6666666666666666,0.3,0,10,3,3,3,2,9
90,0,514.0100000000002,451.72353210449216,0.6337242817644086,-153.75333333333336,0.7333333333333333,0.43333333333333335,0,8,1,1,3,4,13
91,0,-1568.3200000000002,455.7092213948568,0.6305556603555866,-214.10800000000006,0.8666666666666667,0.3333333333333333,0,4,3,4,8,1,10
92,0,1203.12,452.38367614746096,0.6274028820538087,-104.76666666666675,0.7333333333333333,0.3333333333333333,0,8,2,3,5,2,10
93,0,2725.3300000000013,469.27459411621095,0.6242658676435396,80.86566666666664,0.9,0.3333333333333333,0,3,5,4,5,3,10
94,0,-353.23000000000013,457.3657653808594,0.6211445383053219,51.60066666666667,0.8,0.4,0,6,0,2,7,3,12
95,0,-820.5,463.3056996663411,0.6180388156137953,-49.30799999999999,0.7333333333333333,0.4,0,8,2,3,3,2,12
96,0,-523.1100000000001,458.43296407063804,0.6149486215357263,-95.88333333333338,0.8333333333333334,0.36666666666666664,0,5,5,1,4,4,11
97,0,-582.3,443.23058166503904,0.6118738784280476,-51.96766666666674,0.6333333333333333,0.26666666666666666,0,11,3,3,1,4,8
98,0,4274.01,461.9580851236979,0.6088145090359074,177.35099999999997,0.8333333333333334,0.3,0,5,6,3,5,2,9
99,0,-1802.5099999999993,448.137983194987,0.6057704364907278,149.96266666666665,0.7,0.13333333333333333,0,9,5,4,3,5,4
100,0,1719.3000000000002,469.1859883626302,0.6027415843082742,211.11266666666663,0.7333333333333333,0.3333333333333333,0,8,3,2,5,2,10
101,0,1665.15,462.6527852376302,0.5997278763867329,318.57800000000003,0.8333333333333334,0.5333333333333333,1,5,3,0,4,2,16
102,0,989.25,499.6876922607422,0.5967292370047992,289.629,0.6333333333333333,0.36666666666666664,0,11,2,3,1,2,11
103,0,512.05,487.4549875895182,0.5937455908197752,344.2853333333333,0.8,0.4,0,6,2,2,3,5,12
104,0,1498.7999999999997,502.42888997395835,0.5907768628656763,284.0656666666667,0.8666666666666667,0.2,0,4,4,2,5,9,6
105,0,-636.1300000000001,479.5993184407552,0.5878229785513479,287.9663333333334,0.7666666666666667,0.3333333333333333,0,7,3,4,1,5,10
106,0,1221.8400000000004,488.084765625,0.5848838636585911,315.02666666666676,0.8666666666666667,0.5333333333333333,0,4,5,1,3,1,16
107,0,137.1500000000002,485.45423583984376,0.5819594443402982,320.8190000000001,0.8666666666666667,0.36666666666666664,1,4,3,2,2,8,11
108,0,4249.91,490.65684509277344,0.5790496471185967,523.3003333333334,0.8333333333333334,0.2,0,5,6,2,3,8,6
109,0,-1151.4999999999998,468.75144755045574,0.5761543988830038,334.41833333333335,0.6,0.2,0,12,5,1,3,3,6
110,0,1190.9599999999991,475.2080861409505,0.5732736268885887,371.762,0.7666666666666667,0.36666666666666664,0,7,4,4,1,3,11
111,0,3871.940000000001,485.0447153727213,0.5704072587541458,497.775,0.7666666666666667,0.4,0,7,3,4,0,4,12
112,0,2372.6100000000006,488.7365783691406,0.567555222460375,610.3686666666669,0.8666666666666667,0.3333333333333333,0,4,5,3,5,3,10
113,0,710.6499999999999,486.659907023112,0.5647174463480732,693.8366666666667,0.6333333333333333,0.3333333333333333,0,11,3,1,2,3,10
114,0,3757.4700000000003,464.162934366862,0.5618938591163328,805.8176666666669,0.8333333333333334,0.43333333333333335,1,5,2,3,4,3,13
115,0,1995.9500000000003,485.5730885823568,0.5590843898207511,850.0100000000002,0.6666666666666666,0.4,0,10,1,1,1,5,12
116,0,1798.72,485.02025248209634,0.5562889678716474,928.585666666667,0.7333333333333333,0.5,0,8,2,1,2,2,15
117,0,4931.74,479.19989318847655,0.5535075230322891,1099.0126666666667,0.8,0.36666666666666664,0,6,1,2,4,6,11
118,0,3027.71,509.8802073160807,0.5507399854171277,1205.6190000000001,0.8666666666666667,0.4,0,4,3,4,3,4,12
119,0,2912.3399999999992,532.6268849690755,0.547986285490042,1328.0803333333336,0.8666666666666667,0.4666666666666667,1,4,3,1,5,3,14
120,0,2492.3500000000004,526.1978454589844,0.5452463540625918,1394.025,0.7666666666666667,0.2,0,7,2,6,1,8,6
121,0,-1283.2999999999997,562.2511159261068,0.5425201222922789,1403.5256666666662,0.5333333333333333,0.23333333333333334,0,14,5,2,1,1,7
122,0,1472.71,502.2634592692057,0.5398075216808175,1412.5119999999997,0.7333333333333333,0.3,0,8,2,3,2,6,9
123,0,-1066.1700000000005,511.70445963541664,0.5371084840724134,1286.1286666666665,0.8666666666666667,0.36666666666666664,1,4,4,2,4,5,11
124,0,1153.7399999999996,522.9776601155598,0.5344229416520513,1336.3609999999999,0.7666666666666667,0.4,0,7,4,3,2,2,12
125,0,4246.73,513.7145039876302,0.531750826943791,1505.2686666666666,0.7,0.26666666666666666,0,9,2,4,2,5,8
126,0,1113.26,516.2152069091796,0.5290920728090721,1559.8143333333333,0.7,0.43333333333333335,0,9,3,0,3,2,13
127,0,557.2399999999997,517.232943725586,0.5264466124450268,1597.799,0.7,0.43333333333333335,0,9,0,3,4,1,13
128,0,1316.6499999999999,516.3596343994141,0.5238143793828016,1499.2203333333337,0.7,0.4,1,9,1,2,3,3,12
129,0,-498.67000000000047,522.2132771809896,0.5211953074858876,1542.6816666666668,0.7666666666666667,0.43333333333333335,0,7,2,3,2,3,13
130,0,-949.5700000000004,532.5269165039062,0.5185893309484582,1453.7193333333335,0.5,0.23333333333333334,0,15,2,3,2,1,7
131,0,-32.58000000000004,514.9340779622396,0.5159963842937159,1397.1283333333336,0.7333333333333333,0.36666666666666664,0,8,2,4,2,3,11
132,0,1759.31,529.5237396240234,0.5134164023722473,1422.7969999999998,0.8666666666666667,0.43333333333333335,0,4,4,1,2,6,13
133,0,2014.01,505.8063181559245,0.510849320360386,1472.8623333333335,0.9,0.5333333333333333,1,3,3,3,2,3,16
134,0,3276.18,491.6765482584635,0.5082950737585841,1532.1083333333333,0.8666666666666667,0.36666666666666664,0,4,3,2,5,5,11
135,0,926.6099999999999,552.9510538736979,0.5057535983897912,1584.1996666666666,0.7666666666666667,0.43333333333333335,0,7,4,3,2,1,13
136,0,2558.8399999999997,579.7125701904297,0.5032248303978422,1628.766333333333,0.8333333333333334,0.5666666666666667,0,5,4,2,2,0,17
137,0,4037.8,559.9076161702474,0.500708706245853,1758.788,0.8666666666666667,0.5,0,4,2,3,1,5,15
138,0,27.239999999999895,563.2126556396485,0.4982051627146237,1618.032333333333,0.8,0.43333333333333335,0,6,7,3,1,0,13
139,0,-1417.87,582.3002888997396,0.49571413690105054,1609.1533333333332,0.5333333333333333,0.16666666666666666,0,14,3,2,0,6,5
140,0,1411.4500000000003,573.2640940348307,0.4932355662165453,1616.5029999999997,0.7,0.3333333333333333,0,9,2,3,3,3,10
141,0,1971.71,543.9168131510417,0.4907693883854626,1553.1619999999996,0.8333333333333334,0.4,0,5,2,7,2,2,12
142,0,-1108.0299999999997,567.352153523763,0.4883155414435353,1437.1406666666664,0.7666666666666667,0.36666666666666664,0,7,0,3,4,5,11
143,0,328.2900000000001,588.821890258789,0.4858739637363176,1424.395333333333,0.7,0.4,0,9,4,3,0,2,12
144,0,2583.3099999999995,549.8712381998698,0.483444593917636,1385.2566666666664,0.7,0.5666666666666667,0,9,1,2,0,1,17
145,0,-2030.58,544.6399749755859,0.4810273709480478,1251.0389999999998,0.8333333333333334,0.3333333333333333,0,5,6,1,4,4,10
146,0,1632.3300000000002,564.9595977783204,0.47862223409330756,1245.4926666666663,0.7333333333333333,0.6,0,8,1,1,2,0,18
147,0,1713.5500000000002,546.6203013102214,0.47622912292284103,1138.2196666666669,0.8666666666666667,0.5666666666666667,0,4,2,3,3,1,17
148,0,623.4100000000003,550.8213246663412,0.4738479773082268,1058.0763333333332,0.7666666666666667,0.36666666666666664,0,7,3,3,2,4,11
149,0,5244.6100000000015,524.4667368570964,0.47147873742168567,1135.8186666666666,0.8666666666666667,0.5666666666666667,0,4,3,1,2,3,17
150,0,330.75999999999993,570.9883982340494,0.46912134373457726,1063.7656666666667,0.7666666666666667,0.4,1,7,1,3,3,4,12
151,0,285.29000000000036,559.7904103597006,0.46677573701590436,1116.0520000000001,0.7,0.3333333333333333,0,9,5,2,2,2,10
152,0,-43.23999999999981,617.4284942626953,0.46444185833082485,1065.5203333333332,0.8333333333333334,0.5666666666666667,1,5,3,2,2,1,17
153,0,3503.4300000000003,611.5751159667968,0.46211964903917074,1217.8403333333333,0.7333333333333333,0.4666666666666667,0,8,3,2,3,0,14
154,0,-1105.1200000000003,595.0962493896484,0.4598090507939749,1142.5449999999998,0.7333333333333333,0.36666666666666664,1,8,2,2,5,2,11
155,0,712.6599999999999,587.2528137207031,0.457510005540005,1024.7426666666665,0.7,0.4666666666666667,0,9,2,2,0,3,14
156,0,3405.65,617.8443013509115,0.45522245551230495,1101.1556666666665,0.9333333333333333,0.6333333333333333,0,2,2,4,2,1,19
157,0,2357.74,609.5310129801433,0.4529463432347434,1161.1723333333334,0.8666666666666667,0.4666666666666667,0,4,4,4,2,2,14
158,0,4037.01,585.5859344482421,0.4506816115185697,1251.851,0.9333333333333333,0.5666666666666667,0,2,1,3,4,3,17
159,0,-819.83,590.5173370361329,0.4484282034609769,1241.1456666666668,0.6666666666666666,0.3,0,10,1,4,0,6,9
160,0,-1335.0600000000004,592.0970286051432,0.446186062443672,1228.296,0.6666666666666666,0.3333333333333333,0,10,4,1,2,3,10
161,0,-426.36999999999966,565.9556447347005,0.4439551321314536,1215.169666666667,0.3333333333333333,0.2,0,20,1,0,1,2,6
162,0,2372.57,607.4366963704427,0.4417353564707963,1235.611666666667,0.7666666666666667,0.26666666666666666,0,7,5,5,1,4,8
163,0,874.06,570.5779337565104,0.43952667968844233,1197.6133333333337,0.7,0.43333333333333335,0,9,3,1,1,3,13
164,0,2415.08,577.9252105712891,0.43732904629000013,1168.91,0.8666666666666667,0.5333333333333333,0,4,3,3,1,3,16
165,0,-483.3399999999997,605.4226877848307,0.4351424010585501,1121.9116666666669,0.5333333333333333,0.13333333333333333,0,14,3,3,2,4,4
166,0,2050.1,554.0036265055338,0.43296668905325736,1104.953666666667,0.6666666666666666,0.5333333333333333,0,10,0,1,3,0,16
167,0,4354.31,603.9153513590495,0.43080185560799106,1115.5040000000001,0.9333333333333333,0.7,0,2,1,1,2,3,21
168,0,535.5199999999999,617.7236958821615,0.4286478463299511,1132.4466666666667,0.7666666666666667,0.5666666666666667,0,7,1,1,2,2,17
169,0,91.36000000000013,620.5036916097005,0.42650460709830135,1182.7543333333333,0.5666666666666667,0.3,0,13,1,1,5,1,9
170,0,265.74,607.2963734944661,0.42437208406280985,1144.5639999999999,0.9,0.6333333333333333,0,3,2,2,3,1,19
171,0,643.7799999999997,599.8857309977213,0.4222502236424958,1100.2996666666668,0.8333333333333334,0.4,0,5,0,2,4,7,12
172,0,1410.4899999999996,616.6377421061198,0.42013897252428334,1184.2503333333332,0.8666666666666667,0.5666666666666667,0,4,1,4,1,3,17
173,0,1787.9000000000003,612.2462015787761,0.4180382776616619,1232.9039999999998,0.7333333333333333,0.4666666666666667,0,8,2,2,2,2,14
174,0,9353.2,624.5744598388671,0.4159480862733536,1458.5669999999998,1.0,0.6666666666666666,0,0,3,0,1,6,20
175,0,175.32999999999964,630.5224873860677,0.41386834584198684,1532.0973333333338,0.8333333333333334,0.5,0,5,3,2,4,1,15
176,0,3790.7700000000004,580.1719706217448,0.4117990041127769,1604.0453333333332,1.0,0.4,0,0,2,3,1,12,12
177,0,1424.3600000000001,577.7985168457031,0.40974000909221303,1594.405666666667,0.5333333333333333,0.3333333333333333,0,14,2,0,0,4,10
178,0,317.99000000000035,650.5149729410807,0.40769130904675194,1584.2250000000001,0.8333333333333334,0.5,0,5,4,2,3,1,15
179,0,6159.620000000002,624.3952758789062,0.40565285250151817,1614.7253333333335,0.9666666666666667,0.6,0,1,0,2,2,7,18
180,0,-1453.6800000000003,608.3582590738932,0.4036245882390106,1555.244,0.8333333333333334,0.43333333333333335,0,5,3,3,3,3,13
181,0,857.6999999999998,620.9613413492839,0.4016064652978155,1574.3243333333335,0.8333333333333334,0.5333333333333333,1,5,4,2,1,2,16
182,0,3345.52,606.0279693603516,0.3995984329713264,1687.283,0.9333333333333333,0.6,0,2,1,1,5,3,18
183,0,6211.960000000001,616.3593465169271,0.3976004408064698,1777.5673333333332,0.7333333333333333,0.6,1,8,1,1,2,0,18
184,0,1181.4500000000003,599.0669108072917,0.39561243860243744,1853.7863333333332,0.8,0.36666666666666664,1,6,2,3,2,6,11
185,0,1807.78,655.905712890625,0.3936343764094253,1890.2903333333334,0.6666666666666666,0.43333333333333335,0,10,3,1,0,3,13
186,0,-868.2799999999999,654.8222035725911,0.39166620452737816,1747.8259999999998,0.7666666666666667,0.5,0,7,3,1,1,3,15
187,0,5557.660000000001,647.091455078125,0.3897078735047413,1854.4900000000002,0.8666666666666667,0.5666666666666667,0,4,1,0,4,4,17
188,0,3500.9700000000003,653.6539672851562,0.3877593341372176,1836.622,0.8666666666666667,0.5666666666666667,0,4,0,5,3,1,17
189,0,-795.8100000000003,638.3930267333984,0.3858205374665315,1837.422666666667,0.5,0.23333333333333334,0,15,2,2,2,2,7
190,0,-587.4500000000002,669.6740559895833,0.38389143477919885,1862.3430000000005,0.7333333333333333,0.3333333333333333,0,8,6,4,1,1,10
191,0,4730.199999999999,643.7217163085937,0.3819719776053028,2034.228666666667,0.8333333333333334,0.6333333333333333,0,5,3,1,1,1,19
192,0,628.8000000000003,633.2046803792317,0.3800621177172763,1976.1030000000003,0.6666666666666666,0.4,0,10,2,1,4,1,12
193,0,-476.0400000000003,623.7290262858073,0.37816180712868996,1931.0996666666672,0.5333333333333333,0.3333333333333333,1,14,2,2,0,2,10
194,0,4085.73,638.2169667561849,0.37627099809304654,1986.7880000000005,0.7333333333333333,0.4666666666666667,0,8,1,1,4,2,14
195,0,1530.3399999999995,635.5848907470703,0.3743896431025813,2053.910666666667,0.8333333333333334,0.5,0,5,2,4,2,2,15
196,0,6827.780000000001,624.2276875813802,0.37251769488706843,2213.1666666666665,0.8333333333333334,0.5666666666666667,0,5,2,4,0,2,17
197,0,6718.180000000002,652.2832092285156,0.3706551064126331,2291.962333333334,0.9,0.6333333333333333,1,3,1,1,1,5,19
198,0,183.86999999999995,651.1906656901042,0.36880183088056995,2280.2406666666666,0.7,0.4666666666666667,0,9,1,1,3,2,14
199,0,-196.5399999999999,611.2285166422527,0.3669578217261671,2270.6440000000002,0.6666666666666666,0.4,0,10,3,0,3,2,12
200,0,-2.6699999999999022,668.696337890625,0.36512303261753626,2261.697,0.7,0.4666666666666667,0,9,1,2,3,1,14
201,0,4160.51,605.1368306477865,0.3632974174544486,2378.9213333333337,0.9666666666666667,0.8666666666666667,0,1,1,1,1,0,26
202,0,2307.15,657.0385884602864,0.3614809303671764,2408.81,0.7,0.5666666666666667,0,9,2,0,2,0,17
203,0,2638.6299999999997,680.6767883300781,0.3596735257153405,2437.167666666667,0.9333333333333333,0.7,0,2,2,2,2,1,21
204,0,2500.4100000000003,693.334169514974,0.3578751580867638,2208.7413333333334,0.7,0.3333333333333333,0,9,3,5,2,1,10
205,0,7401.929999999999,665.2614888509114,0.35608578229633,2449.628,0.9333333333333333,0.8,0,2,0,0,2,2,24
206,0,4319.55,637.8313140869141,0.3543053533848483,2467.2540000000004,0.8,0.5333333333333333,0,6,2,1,4,1,16
207,0,3017.1400000000003,661.768403116862,0.35253382661792404,2520.346666666667,0.8666666666666667,0.6,0,4,4,0,1,3,18
208,0,5040.440000000001,647.7129760742188,0.3507711574848344,2677.7616666666668,0.9,0.5,0,3,2,4,2,4,15
209,0,-774.37,643.7442321777344,0.34901730169741024,2446.628666666667,0.7666666666666667,0.43333333333333335,0,7,1,4,3,2,13
210,0,4105.499999999999,665.6712961832683,0.3472722151889232,2631.934666666667,0.7333333333333333,0.5333333333333333,0,8,1,2,1,2,16
211,0,-231.4399999999998,668.7395751953125,0.3455358541129786,2595.63,0.6333333333333333,0.3333333333333333,0,11,1,1,4,3,10
212,0,483.70000000000005,670.9142496744792,0.3438081748424137,2500.236,0.6,0.36666666666666664,0,12,0,3,2,2,11
213,0,-1497.2299999999998,623.392973836263,0.3420891339682016,2243.2629999999995,0.6666666666666666,0.4,1,10,2,2,2,2,12
214,0,5420.660000000001,665.2595275878906,0.3403786882983606,2384.5699999999997,0.9,0.6333333333333333,0,3,3,1,2,2,19
215,0,7714.499999999999,636.7482167561849,0.3386767948568688,2581.4606666666664,0.9333333333333333,0.8,0,2,0,0,1,3,24
216,0,11126.900000000001,692.5805094401042,0.33698341088258443,2981.3,0.9666666666666667,0.6333333333333333,0,1,3,4,2,1,19
217,0,7161.69,673.6023681640625,0.3352984938281715,3034.7676666666666,0.8333333333333334,0.5666666666666667,0,5,2,2,2,2,17
218,0,2177.53,679.1097045898438,0.33362200135903064,2990.653,1.0,0.8666666666666667,0,0,0,1,2,1,26
219,0,4028.94,751.2430684407552,0.33195389135223546,3151.478000000001,0.7333333333333333,0.5,0,8,1,3,2,1,15
220,0,4530.23,678.6198862711589,0.3302941218954743,3322.0673333333334,0.8666666666666667,0.6,0,4,1,4,1,2,18
221,0,-546.05,725.2150573730469,0.32864265128599696,3146.192333333333,0.5333333333333333,0.26666666666666666,0,14,1,3,0,4,8
222,0,3975.8599999999997,731.24873046875,0.326999438029567,3257.761,0.7333333333333333,0.6,0,8,1,0,2,1,18
223,0,7784.44,696.4088399251302,0.3253644408394192,3533.1103333333335,0.9333333333333333,0.8,0,2,0,1,2,1,24
224,0,-709.53,733.1907023111979,0.3237376186352221,3373.2683333333334,0.7333333333333333,0.4,0,8,4,4,1,1,12
225,0,1954.24,695.8575653076172,0.322118930542046,3387.3983333333335,0.6666666666666666,0.5,0,10,1,2,0,2,15
226,0,252.4900000000001,671.9184387207031,0.32050833588933575,3168.2220000000007,0.7666666666666667,0.5333333333333333,0,7,3,2,2,0,16
227,0,1194.5799999999997,679.440010579427,0.31890579420988907,2984.1020000000008,0.6,0.3,0,12,0,7,1,1,9
228,0,1418.6699999999998,732.37099609375,0.3173112652388396,3025.2620000000006,0.7,0.43333333333333335,0,9,1,2,2,3,13
229,0,4173.82,731.6115234375,0.3157247089126454,3170.940666666667,0.7666666666666667,0.6,0,7,2,2,1,0,18
230,0,3780.15,719.1386006673177,0.3141460853680822,3297.034666666667,0.7666666666666667,0.5666666666666667,1,7,1,2,0,3,17
231,0,1991.47,673.7078796386719,0.3125753549412418,3224.733333333333,0.7,0.6,0,9,1,0,1,1,18
232,0,-168.99999999999983,698.5568339029948,0.31101247816653554,3142.195,0.5333333333333333,0.36666666666666664,0,14,1,0,1,3,11
233,0,6453.010000000001,742.2998982747396,0.30945741577570285,3269.341,0.9333333333333333,0.7333333333333333,0,2,1,2,2,1,22
234,0,3254.07,683.9496327718099,0.3079101286968243,3294.463,0.7666666666666667,0.6,0,7,1,0,3,1,18
235,0,1353.4399999999998,741.4346333821615,0.3063705780533402,3092.846666666667,0.7,0.43333333333333335,0,9,1,3,2,2,13
236,0,2613.68,717.5575205485026,0.30483872516307353,3035.9843333333333,0.7,0.5666666666666667,0,9,1,2,1,0,17
237,0,534.55,712.6796142578125,0.3033145315372582,2953.2313333333336,0.5666666666666667,0.4,0,13,2,2,1,0,12
238,0,1764.95,718.0995666503907,0.3017979588795719,2844.048333333333,0.6666666666666666,0.43333333333333335,0,10,1,1,3,2,13
239,0,1232.49,722.4041687011719,0.30028896908517405,2910.943666666667,0.6,0.5666666666666667,0,12,1,0,0,0,17
240,0,1643.92,749.9236348470052,0.2987875242397482,2828.891,0.6,0.36666666666666664,0,12,1,2,2,2,11
241,0,1778.09,676.4852569580078,0.29729358661854943,2895.875333333333,0.7333333333333333,0.5333333333333333,0,8,1,2,2,1,16
242,0,8008.009999999999,690.5027638753255,0.29580711868545667,3146.6856666666663,0.8666666666666667,0.7,0,4,0,2,0,3,21
243,0,1333.5500000000004,716.3692230224609,0.2943280830920294,3241.0449999999996,0.5333333333333333,0.3,0,14,3,1,2,1,9
244,0,5025.54,697.9150248209636,0.29285644267656924,3227.874333333333,0.8666666666666667,0.5666666666666667,1,4,1,4,3,1,17
245,0,1264.29,690.7945882161458,0.2913921604631864,3012.8673333333327,0.5333333333333333,0.4,0,14,0,1,1,2,12
246,0,3190.250000000001,683.8352711995443,0.28993519966087045,2748.312333333333,0.7666666666666667,0.4666666666666667,0,7,3,1,2,3,14
247,0,2946.81,698.085400390625,0.2884855236625661,2607.816333333333,0.9,0.6666666666666666,0,3,0,1,4,2,20
248,0,309.02999999999986,692.4573913574219,0.28704309604425327,2545.533,0.6333333333333333,0.5,0,11,1,0,2,1,15
249,0,2695.9500000000003,704.4128499348958,0.285607880564032,2501.1,0.9,0.6666666666666666,0,3,1,1,5,0,20
250,0,4359.02,723.9077209472656,0.28417984116121187,2495.3930000000005,0.8333333333333334,0.6333333333333333,0,5,1,2,0,3,19
251,0,1115.57,713.3154612223308,0.2827589419554058,2550.7803333333336,0.7333333333333333,0.43333333333333335,1,8,4,1,4,0,13
252,0,569.4399999999998,775.3101216634115,0.28134514724562876,2437.2330000000006,0.8,0.5333333333333333,0,6,3,2,2,1,16
253,0,1162.02,707.5844746907552,0.2799384215094006,2216.485666666667,0.6666666666666666,0.43333333333333335,0,10,0,1,5,1,13
254,0,2730.4300000000003,720.6584757486979,0.27853872940185365,2331.151,0.5333333333333333,0.4,0,14,2,0,1,1,12
255,0,1193.4000000000003,685.9983276367187,0.27714603575484437,2305.7896666666666,0.7666666666666667,0.5666666666666667,0,7,3,0,0,3,17
256,0,552.3699999999999,779.1778971354166,0.2757603055760701,2315.785666666666,0.7666666666666667,0.43333333333333335,0,7,3,1,3,3,13
257,0,4364.99,731.2382609049479,0.2743815040481898,2421.466,0.7333333333333333,0.6666666666666666,0,8,2,0,0,0,20
258,0,1516.8199999999997,755.1159596761067,0.2730095965279488,2424.737666666667,0.7,0.43333333333333335,0,9,2,0,2,4,13
259,0,2013.0900000000001,726.2748311360677,0.27164454854530906,2352.713333333333,0.5,0.4,0,15,1,1,0,1,12
260,0,5371.03,728.0554768880208,0.2702863258025825,2405.7426666666665,0.9333333333333333,0.7333333333333333,0,2,2,1,3,0,22
261,0,1623.94,727.0041320800781,0.2689348941735696,2393.4916666666672,0.6666666666666666,0.4666666666666667,0,10,1,2,1,2,14
262,0,5765.380000000001,734.5504862467448,0.26759021970270175,2591.3043333333335,0.8333333333333334,0.6333333333333333,0,5,1,1,3,1,19
263,0,2297.46,694.6111216227214,0.2662522686041882,2452.7860000000005,0.6333333333333333,0.36666666666666664,0,11,1,3,3,1,11
264,0,2074.09,754.2206705729167,0.2649210072611673,2413.4533333333334,0.7,0.5,0,9,3,1,1,1,15
265,0,-92.50999999999998,722.6013173421223,0.26359640222486147,2365.255,0.7666666666666667,0.6,1,7,1,1,1,2,18
266,0,6240.59,704.4520477294922,0.26227842021373715,2486.1520000000005,0.7333333333333333,0.6333333333333333,0,8,0,0,1,2,19
267,0,1695.66,754.2836588541667,0.2609670281126685,2524.855666666667,0.5333333333333333,0.43333333333333335,0,14,0,0,2,1,13
268,0,8798.350000000002,771.0705098470052,0.25966219297210513,2759.3023333333335,0.9333333333333333,0.8,0,2,1,1,1,1,24
269,0,1344.9499999999998,744.0328470865885,0.2583638820072446,2763.0510000000004,0.6,0.5666666666666667,0,12,1,0,0,0,17
270,0,2113.24,798.1131551106771,0.2570720625972084,2778.695,0.7333333333333333,0.43333333333333335,0,8,1,2,4,2,13
271,0,1741.5900000000001,741.4315653483073,0.25578670228422234,2777.4783333333335,0.7666666666666667,0.6,1,7,1,3,0,1,18
272,0,467.5799999999997,740.4369934082031,0.25450776877280124,2526.130666666667,0.6333333333333333,0.4666666666666667,0,11,1,1,2,1,14
273,0,5405.030000000001,752.0739685058594,0.2532352299289372,2661.846666666667,0.8,0.7666666666666667,0,6,0,0,1,0,23
274,0,5121.0599999999995,721.8677815755208,0.2519690537792925,2665.0306666666665,0.9333333333333333,0.7666666666666667,0,2,0,0,3,2,23
275,0,7229.829999999999,746.6152180989583,0.2507092085103961,2863.882,0.9333333333333333,0.7666666666666667,0,2,0,0,3,2,23
276,0,1773.9500000000007,753.1888122558594,0.2494556624678441,2816.6719999999996,0.8666666666666667,0.5666666666666667,0,4,2,2,1,4,17
277,0,2034.8899999999999,763.2799458821614,0.24820838415550486,2786.2746666666667,0.5666666666666667,0.4666666666666667,0,13,0,2,0,1,14
278,0,1818.0400000000002,764.4712463378906,0.24696734223472733,2836.575,0.6,0.5333333333333333,0,12,0,0,0,2,16
279,0,2602.18,722.6011962890625,0.2457325055235537,2833.449333333333,0.8,0.6333333333333333,0,6,1,1,1,2,19
280,0,8156.269999999999,717.4421691894531,0.24450384299593592,2960.024333333333,0.9666666666666667,0.8666666666666667,0,1,0,1,1,1,26
281,0,1375.75,728.8334391276042,0.24328132378095624,2968.696999999999,0.5666666666666667,0.4,0,13,0,2,2,1,12
282,0,1285.9700000000003,776.7237487792969,0.24206491716205145,2992.581333333333,0.5,0.3,0,15,0,2,2,2,9
283,0,2541.5800000000004,730.7134684244792,0.2408545925762412,3038.566666666666,0.8,0.6,0,6,2,1,1,2,18
284,0,2016.13,756.148062133789,0.23965031961336,3014.756666666667,0.4666666666666667,0.4,0,16,0,0,1,1,12
285,0,4060.53,771.3633728027344,0.2384520680152932,3110.3276666666666,0.8,0.7666666666666667,0,6,1,0,0,0,23
286,0,1710.66,762.5688090006511,0.23725980767521673,3148.9373333333338,0.6666666666666666,0.5333333333333333,0,10,2,1,0,1,16
287,0,9294.170000000004,815.3579650878906,0.23607350863684065,3313.2433333333333,0.8333333333333334,0.7,0,5,1,0,2,1,21
288,0,3421.7000000000003,786.8919576009115,0.23489314109365644,3376.7393333333334,0.6,0.4666666666666667,0,12,2,2,0,0,14
289,0,3713.08,771.3163940429688,0.23371867538818816,3433.4056666666665,0.6666666666666666,0.5333333333333333,0,10,0,1,1,2,16
290,0,3863.6100000000006,790.7574483235677,0.23255008201124722,3383.1583333333333,0.7333333333333333,0.6,0,8,1,2,0,1,18
291,0,1249.26,755.8399068196615,0.231387331601191,3370.669,0.8333333333333334,0.5333333333333333,0,5,4,3,2,0,16
292,0,2712.4000000000005,807.4667805989583,0.23023039494318503,3268.9029999999993,0.7333333333333333,0.5,0,8,1,2,2,2,15
293,0,-332.8100000000004,803.0819315592448,0.2290792429684691,3181.2273333333333,0.6333333333333333,0.5,0,11,0,2,1,1,15
294,0,2046.5300000000002,854.6722574869792,0.22793384675362674,3180.3086666666663,0.5333333333333333,0.4,0,14,2,1,0,1,12
295,0,3449.6800000000003,807.5218292236328,0.22679417751985861,3298.381666666667,0.9,0.7666666666666667,0,3,1,2,0,1,23
296,0,2704.62,812.7914774576823,0.22566020663225933,3180.5160000000005,0.6,0.4666666666666667,0,12,0,2,0,2,14
297,0,4747.94,764.4706624348959,0.22453190559909803,3282.258666666667,0.7666666666666667,0.7333333333333333,0,7,1,0,0,0,22
298,0,3027.9300000000003,769.8444864908854,0.22340924607110255,3089.911333333333,0.6,0.4666666666666667,0,12,0,2,1,1,14
299,0,2966.31,811.979052734375,0.22229219984074702,3143.956666666666,0.6,0.5,0,12,0,0,1,2,15
300,0,2605.47,797.0823506673177,0.2211807388415433,3160.364333333333,0.6666666666666666,0.4666666666666667,0,10,3,1,1,1,14
301,0,4119.81,765.6526774088542,0.22007483514733558,3239.6383333333333,0.7333333333333333,0.6,0,8,1,1,0,2,18
302,0,7145.15,856.4084940592448,0.2189744609715989,3462.224,0.9333333333333333,0.8666666666666667,0,2,0,1,0,1,26
303,0,4178.09,854.706131998698,0.2178795886667409,3421.326,0.8333333333333334,0.6,0,5,1,2,2,2,18
304,0,1567.2300000000002,803.8283325195313,0.2167901907234072,3302.865,0.6,0.5,0,12,1,1,1,0,15
305,0,1824.69,808.9071512858073,0.21570623976979014,3122.6936666666666,0.6666666666666666,0.5666666666666667,0,10,0,0,1,2,17
306,0,2476.0899999999997,786.5034749348958,0.21462770857094118,3146.0983333333334,0.8,0.6,0,6,1,2,0,3,18
307,0,-683.9999999999999,811.2181538899739,0.21355457002808648,3055.4686666666666,0.5,0.4,0,15,0,1,1,1,12
308,0,-201.78000000000006,828.0994750976563,0.21248679717794605,2988.1413333333335,0.6,0.4,0,12,2,1,0,3,12
309,0,1593.0700000000002,788.2502746582031,0.21142436319205632,2954.5043333333338,0.6666666666666666,0.5,0,10,2,1,1,1,15
310,0,615.7099999999999,839.4855550130209,0.21036724137609603,2703.152333333334,0.6,0.5,0,12,2,0,0,1,15
311,0,5779.460000000001,794.6734670003256,0.20931540516921554,2849.9426666666677,0.9,0.8,0,3,0,2,1,0,24
312,0,1994.4299999999998,762.8722798665365,0.20826882814336947,2873.5580000000004,0.6333333333333333,0.4666666666666667,0,11,1,2,0,2,14
313,0,1271.7000000000003,783.2128234863281,0.20722748400265262,2831.2286666666673,0.5666666666666667,0.5,0,13,0,2,0,0,15
314,0,8655.22,763.081142171224,0.20619134658263935,3052.531666666667,0.9333333333333333,0.8333333333333334,0,2,1,1,1,0,25
315,0,-175.9999999999997,795.978584798177,0.20516038984972615,2911.3140000000003,0.9,0.7333333333333333,2,3,0,0,3,2,22
316,0,5734.220000000001,803.4144856770833,0.2041345879004775,3045.4326666666666,0.9333333333333333,0.6333333333333333,0,2,0,3,4,2,19
317,0,3380.3,763.5357116699219,0.2031139149609751,2848.3036666666667,1.0,0.8,0,0,3,2,1,0,24
318,0,10204.630000000003,849.6783243815104,0.20209834538617025,3074.4013333333337,0.9666666666666667,0.8333333333333334,0,1,0,2,1,1,25
319,0,1354.4599999999998,837.194004313151,0.2010878536592394,2995.780666666667,0.7333333333333333,0.6666666666666666,0,8,0,1,1,0,20
320,0,-312.01999999999987,847.4271830240885,0.2000824143909432,2856.5930000000003,0.7,0.6,0,9,0,2,1,0,18
321,0,1952.1300000000003,867.118105061849,0.19908200231898848,2880.0220000000004,0.5666666666666667,0.43333333333333335,0,13,1,2,0,1,13
322,0,962.6299999999999,833.3790222167969,0.19808659230739353,2821.696333333334,0.7333333333333333,0.5666666666666667,1,8,0,0,0,5,17
323,0,4335.1,841.701112874349,0.19709615934585656,2977.293333333334,0.8333333333333334,0.7333333333333333,0,5,2,0,0,1,22
324,0,2373.1299999999997,825.1648254394531,0.19611067854912728,2988.1800000000007,0.7666666666666667,0.5666666666666667,1,7,2,0,3,1,17
325,0,-110.43999999999994,834.225644938151,0.19513012515638165,2869.509333333334,0.4,0.4,0,18,0,0,0,0,12
326,0,1753.27,806.53955078125,0.19415447453059972,2837.7976666666673,0.7666666666666667,0.4666666666666667,0,7,6,0,2,1,14
327,0,1315.39,860.4001668294271,0.19318370215794672,2723.3793333333338,0.6333333333333333,0.4666666666666667,0,11,1,3,0,1,14
328,0,4679.59,804.58818359375,0.192217783647157,2778.434666666667,1.0,0.9,1,0,2,0,0,1,27
329,0,4147.85,812.3495015462239,0.1912566947289212,2817.8193333333334,0.6666666666666666,0.5333333333333333,0,10,1,0,1,2,16
330,0,7613.920000000001,868.6065185546875,0.1903004112552766,2984.7676666666666,0.9666666666666667,0.8333333333333334,0,1,0,0,2,2,25
331,0,1130.1799999999998,814.7607096354167,0.18934890919900021,2885.1133333333337,0.4666666666666667,0.36666666666666664,0,16,2,0,1,0,11
332,0,6310.469999999999,786.3878397623698,0.18840216465300522,2857.2906666666668,1.0,0.9,0,0,1,0,0,2,27
333,0,7154.040000000002,837.6959777832031,0.18746015382974018,2956.4890000000005,1.0,0.9333333333333333,1,0,0,0,2,0,28
334,0,95.92999999999992,816.8639078776042,0.1865228530605915,2907.445666666667,0.5,0.4666666666666667,0,15,0,1,0,0,14
335,0,-11.27999999999983,826.4897176106771,0.18559023879528855,2846.246666666667,0.4666666666666667,0.4,0,16,1,1,0,0,12
336,0,8338.49,861.171543375651,0.1846622876013121,3041.6600000000003,1.0,0.9,0,0,0,2,1,0,27
337,0,1729.31,810.8991882324219,0.18373897616330553,3122.103666666668,0.6666666666666666,0.4666666666666667,0,10,2,1,1,2,14
338,0,3953.9800000000005,885.3112813313802,0.182820281282489,3260.6290000000004,0.8,0.7,0,6,0,2,1,0,21
339,0,978.9699999999999,826.9759684244792,0.18190617987607657,3240.159,0.8,0.6333333333333333,1,6,0,1,2,2,19
340,0,2697.35,868.3163594563802,0.18099664897669618,3309.547,0.8,0.6,0,6,3,1,2,0,18
341,0,1365.77,883.1128458658854,0.1800916657318127,3162.4240000000004,0.43333333333333335,0.43333333333333335,0,17,0,0,0,0,13
342,0,819.62,863.511787923177,0.17919120740315364,3123.2636666666667,0.5,0.3333333333333333,0,15,0,0,3,2,10
343,0,2071.44,791.082187906901,0.17829525136613786,3149.9216666666675,0.9,0.7333333333333333,0,3,0,0,1,4,22
344,0,1213.6400000000003,848.309647623698,0.17740377510930716,2901.869,0.7,0.6666666666666666,0,9,0,0,1,0,20
345,0,-431.9700000000005,879.6506795247395,0.17651675623376062,2893.336666666667,0.5666666666666667,0.4,0,13,1,2,1,1,12
346,0,1319.7900000000006,889.2024129231771,0.1756341724525918,2746.189,0.6666666666666666,0.4,0,10,1,0,3,4,12
347,0,4357.339999999999,859.8666381835938,0.17475600159032884,2778.7569999999996,0.7333333333333333,0.5666666666666667,0,8,4,0,0,1,17
348,0,4022.1099999999997,857.0443990071615,0.17388222158237718,2572.6730000000002,0.8,0.7,0,6,0,2,1,0,21
349,0,3611.9800000000005,848.030283610026,0.1730128104744653,2647.9236666666666,0.5666666666666667,0.5666666666666667,0,13,0,0,0,0,17
350,0,8882.289999999997,800.2644592285156,0.17214774642209296,2954.4006666666664,0.9333333333333333,0.8333333333333334,0,2,0,1,0,2,25
351,0,2675.06,865.6959452311198,0.1712870076899825,2978.4983333333325,0.5666666666666667,0.5,0,13,1,0,1,0,15
352,0,2799.38,911.1989562988281,0.17043057265153258,3039.7233333333334,0.7333333333333333,0.6666666666666666,0,8,0,0,0,2,20
353,0,2128.13,900.5541809082031,0.16957841978827493,2966.1576666666665,0.7666666666666667,0.7,0,7,1,0,0,1,21
354,0,1923.8599999999997,919.3756591796875,0.16873052768933355,2951.1820000000002,0.5333333333333333,0.4666666666666667,0,14,0,1,1,0,14
355,0,1546.68,894.0064107259115,0.1678868750508869,3006.419333333333,0.6666666666666666,0.4666666666666667,0,10,3,0,2,1,14
356,0,3010.2999999999997,866.4486796061198,0.16704744067563246,3048.3203333333336,0.7333333333333333,0.6666666666666666,0,8,0,0,1,1,20
357,0,3020.53,858.1028381347656,0.1662122034722543,3105.1583333333333,0.7666666666666667,0.6666666666666666,0,7,1,1,0,1,20
358,0,672.1899999999998,895.9800130208333,0.16538114245489302,2971.5783333333334,0.43333333333333335,0.3333333333333333,0,17,0,2,0,1,10
359,0,1697.2300000000005,844.1102579752604,0.16455423674261854,2889.891,0.4666666666666667,0.36666666666666664,0,16,0,1,0,2,11
360,0,5983.630000000001,889.0247253417969,0.16373146555890544,2835.5480000000002,1.0,0.8,0,0,0,0,3,3,24
361,0,2424.4800000000005,863.5915608723958,0.16291280823111093,2878.6913333333337,0.6,0.5666666666666667,0,12,1,0,0,0,17
362,0,5956.51,848.5293416341145,0.16209824418995536,2866.892666666666,0.9333333333333333,0.7666666666666667,0,2,2,2,0,1,23
363,0,7515.410000000002,914.7161193847656,0.16128775296900558,2878.9383333333335,1.0,0.9,0,0,0,1,1,1,27
364,0,3685.45,848.995458984375,0.16048131420416054,2998.589,0.8,0.7,0,6,1,2,0,0,21
365,0,4021.1099999999997,867.5150797526042,0.15967890763313974,3133.002,0.9,0.6333333333333333,0,3,2,3,1,2,19
366,0,4936.099999999999,840.0029134114583,0.15888051309497406,3019.589,0.9666666666666667,0.9,0,1,0,0,1,1,27
367,0,3302.2799999999997,891.1408040364583,0.1580861105294992,3072.021333333333,0.6,0.4666666666666667,0,12,0,2,0,2,14
368,0,2610.3199999999997,956.6820658365885,0.1572956799768517,3027.2326666666672,0.5333333333333333,0.43333333333333335,0,14,0,0,1,2,13
369,0,1417.44,865.3810506184896,0.15650920157696743,3041.848333333334,0.6333333333333333,0.5666666666666667,0,11,0,0,2,0,17
370,0,5302.35,857.6429504394531,0.1557266555690826,3128.681666666667,0.7333333333333333,0.7,0,8,0,1,0,0,21
371,0,3407.5200000000004,850.1848429361979,0.1549480222912372,3196.7400000000007,0.5,0.43333333333333335,0,15,0,2,0,0,13
372,0,1275.4800000000005,850.3958190917969,0.15417328217978102,3211.9353333333333,0.5666666666666667,0.4,0,13,0,3,2,0,12
373,0,5975.549999999998,875.5949991861979,0.1534024157688821,3342.0723333333344,0.9,0.7,0,3,2,3,1,0,21
374,0,7166.969999999999,932.9365437825521,0.1526354036900377,3540.5166666666673,0.9666666666666667,0.9,0,1,1,0,1,0,27
375,0,8996.2,914.4705098470052,0.1518722266715875,3854.789,1.0,1.0,0,0,0,0,0,0,30
376,0,1344.51,953.1935038248698,0.15111286553822956,3855.613,0.5,0.4666666666666667,0,15,1,0,0,0,14
377,0,1535.5499999999997,836.8582641601563,0.15035730121053842,3761.553333333333,0.5333333333333333,0.43333333333333335,0,14,1,1,0,1,13
378,0,972.1000000000001,909.1752115885416,0.14960551470448571,3659.886333333334,0.5,0.43333333333333335,0,15,0,0,0,2,13
379,0,728.0,879.5721293131511,0.14885748713096328,3563.7536666666665,0.5,0.4,1,15,0,1,2,0,12
380,0,1752.5700000000002,897.1318135579427,0.14811319969530845,3326.096333333334,0.6666666666666666,0.6,0,10,0,0,0,2,18
381,0,898.9199999999996,882.1047241210938,0.1473726336968319,3266.8916666666673,0.6333333333333333,0.5333333333333333,1,11,1,1,1,0,16
382,0,2936.81,868.02060546875,0.14663577052834775,3271.4726666666675,0.8333333333333334,0.8,0,5,0,0,0,1,24
383,0,5104.37,865.7867797851562,0.14590259167570602,3370.6806666666666,0.6666666666666666,0.6333333333333333,0,10,0,1,0,0,19
384,0,907.3700000000001,864.5128153483073,0.1451730787173275,3336.797666666667,0.4,0.26666666666666666,0,18,0,0,1,3,8
385,0,1705.42,896.8011596679687,0.14444721332374086,3342.089,0.5333333333333333,0.4,0,14,0,0,2,2,12
386,0,3326.47,891.8344482421875,0.14372497725712216,3352.6279999999992,0.6666666666666666,0.6,0,10,1,0,0,1,18
387,0,3547.0199999999995,911.442626953125,0.14300635237083656,3370.177666666666,0.5666666666666667,0.5,0,13,1,1,0,0,15
388,0,1165.42,887.3463216145833,0.14229132060898236,3386.6186666666667,0.7666666666666667,0.7,0,7,1,0,0,1,21
389,0,3222.48,950.940743001302,0.14157986400593744,3437.4603333333334,0.7,0.5666666666666667,0,9,4,0,0,0,17
390,0,2037.8799999999999,855.7063903808594,0.14087196468590776,3305.9353333333333,0.4666666666666667,0.43333333333333335,0,16,1,0,0,0,13
391,0,2167.6499999999996,900.0161173502604,0.14016760486247823,3297.374333333333,0.5666666666666667,0.5666666666666667,0,13,0,0,0,0,17
392,0,2268.6899999999996,917.1666219075521,0.13946676683816583,3174.4469999999997,0.6333333333333333,0.5333333333333333,0,11,0,1,0,2,16
393,0,6234.289999999999,943.0768493652344,0.138769433003975,3131.743,0.7,0.6333333333333333,0,9,1,1,0,0,19
394,0,3287.37,915.2167704264323,0.13807558583895513,3118.4736666666663,0.8,0.6666666666666666,0,6,1,0,1,2,20
395,0,4817.18,900.1608215332031,0.13738520790976036,3145.0093333333334,0.7666666666666667,0.7666666666666667,0,7,0,0,0,0,23
396,0,872.52,846.7707845052083,0.13669828187021155,3009.5566666666664,0.7,0.5666666666666667,0,9,1,1,1,1,17
397,0,1042.1799999999998,973.0890950520833,0.13601479046086049,2934.22,0.4,0.3333333333333333,0,18,1,1,0,0,10
398,0,1882.8499999999997,918.5676645914714,0.1353347165085562,2909.9709999999995,0.6666666666666666,0.5666666666666667,0,10,1,0,1,1,17
399,0,1375.6900000000003,864.9386311848958,0.1346580429260134,2908.579333333333,0.6333333333333333,0.4666666666666667,0,11,0,4,1,0,14
400,0,2355.53,905.4160888671875,0.13398475271138335,2810.3519999999994,0.6,0.5666666666666667,0,12,0,0,0,1,17
401,0,1448.44,939.805132039388,0.13331482894782642,2745.0493333333334,0.6,0.6,1,12,0,0,0,0,18
402,0,2189.99,921.9745381673177,0.13264825480308728,2775.5330000000004,0.7333333333333333,0.6666666666666666,0,8,0,1,0,1,20
403,0,2385.4199999999996,891.086503092448,0.13198501352907185,2655.862,0.9666666666666667,0.8,0,1,2,0,2,1,24
404,0,3493.95,883.7601542154948,0.1313250884614265,2533.4280000000003,0.7,0.6333333333333333,0,9,0,0,0,2,19
405,0,7001.54,911.7340657552083,0.13066846301911936,2466.9393333333333,0.9666666666666667,0.9,1,1,0,0,2,0,27
406,0,5216.720000000001,878.4069295247396,0.13001512070402377,2596.0129999999995,0.7,0.6,0,9,0,0,1,2,18
407,0,2639.4100000000008,955.8678955078125,0.12936504510050365,2632.8083333333334,0.9333333333333333,0.7333333333333333,0,2,2,2,2,0,22
408,0,2256.34,933.504561360677,0.12871821987500112,2675.616333333333,0.4666666666666667,0.3333333333333333,0,16,1,1,0,2,10
409,0,1432.54,949.773270670573,0.12807462877562611,2699.1009999999997,0.5333333333333333,0.5333333333333333,0,14,0,0,0,0,16
410,0,1238.33,956.7273620605469,0.12743425563174798,2681.9596666666666,0.5333333333333333,0.43333333333333335,0,14,1,1,0,1,13
411,0,6931.500000000001,928.241874186198,0.12679708435358925,2883.0456666666664,1.0,0.9333333333333333,0,0,1,1,0,0,28
412,0,1736.6399999999999,920.314208984375,0.1261630989318213,2843.04,0.5,0.43333333333333335,0,15,0,1,1,0,13
413,0,3235.61,938.7509826660156,0.1255322834371622,2780.748,0.7666666666666667,0.7333333333333333,0,7,0,0,1,0,22
414,0,2277.23,977.6085571289062,0.12490462201997637,2826.4100000000003,0.5333333333333333,0.43333333333333335,0,14,0,2,0,1,13
415,0,1989.55,865.1162943522136,0.1242800989098765,2835.8810000000003,0.9666666666666667,0.8,0,1,0,2,2,1,24
416,0,2965.41,938.4047729492188,0.12365869841532712,2823.845666666667,0.7,0.6,0,9,0,2,1,0,18
417,0,8035.0199999999995,925.2739562988281,0.12304040492325048,2973.445666666667,0.9666666666666667,0.9,0,1,0,1,1,0,27
418,0,2174.8900000000003,923.8640441894531,0.12242520289863423,3007.094666666667,0.5666666666666667,0.4666666666666667,0,13,1,0,1,1,14
419,0,4762.700000000002,1023.2316874186198,0.12181307688414106,3058.4353333333333,0.9666666666666667,0.8666666666666667,0,1,0,0,3,0,26
420,0,2746.91,947.7742228190104,0.12120401149972035,3082.069666666667,0.9666666666666667,0.8666666666666667,0,1,0,0,2,1,26
421,0,2007.5500000000002,985.1175944010416,0.12059799144222175,3076.7330000000006,0.7666666666666667,0.7666666666666667,0,7,0,0,0,0,23
422,0,86.86999999999995,852.4026774088542,0.11999500148501063,3004.005666666667,0.4666666666666667,0.36666666666666664,0,16,2,1,0,0,11
423,0,1765.3100000000004,1001.2293233235677,0.11939502647758558,2855.039666666666,0.5333333333333333,0.43333333333333335,0,14,0,0,1,2,13
424,0,1105.9900000000002,896.1373779296875,0.11879805134519765,2782.3269999999998,0.8,0.6666666666666666,0,6,1,2,0,1,20
425,0,6785.800000000001,936.7486511230469,0.11820406108847166,2847.947666666667,0.8,0.7333333333333333,0,6,1,0,0,1,22
426,0,4201.970000000001,939.2276590983073,0.1176130407830293,2958.929333333334,0.5666666666666667,0.4666666666666667,0,13,0,0,1,2,14
427,0,3019.0,986.8048085530598,0.11702497557911415,3024.8233333333337,0.6333333333333333,0.5,0,11,1,0,2,1,15
428,0,2190.1000000000004,995.2651936848958,0.11643985070121858,3035.0650000000005,0.4666666666666667,0.4666666666666667,0,16,0,0,0,0,14
429,0,2730.15,966.5733723958333,0.11585765144771248,3080.213666666667,0.6333333333333333,0.6,0,11,0,0,0,1,18
430,0,1755.1899999999998,897.1056925455729,0.11527836319047392,3060.2023333333336,0.8333333333333334,0.7333333333333333,0,5,0,0,1,2,22
431,0,4971.39,950.9765238444011,0.11470197137452155,3177.634,0.8,0.6666666666666666,0,6,0,0,4,0,20
432,0,1930.8699999999997,937.3940734863281,0.11412846151764894,3168.996666666667,0.6,0.5,0,12,1,0,2,0,15
433,0,2671.7699999999995,1028.3510335286458,0.1135578192100607,3178.5416666666665,0.6666666666666666,0.5333333333333333,0,10,1,1,1,1,16
434,0,4969.76,902.6851582845052,0.11299003011401039,3227.735333333333,0.7333333333333333,0.6,0,8,3,0,1,0,18
435,0,3783.67,1006.622635904948,0.11242507996344034,3120.473,0.9333333333333333,0.8666666666666667,0,2,2,0,0,0,26
436,0,1699.3899999999999,1010.5101175944011,0.11186295456362313,3003.228666666667,0.6666666666666666,0.5333333333333333,0,10,3,0,1,0,16
437,0,1253.8900000000003,987.4587768554687,0.11130363979080501,2957.0446666666667,0.6,0.5333333333333333,0,12,0,2,0,0,16
438,0,9625.15,924.9381591796875,0.11074712159185099,3202.6716666666666,0.8666666666666667,0.6666666666666666,0,4,0,2,0,4,20
439,0,7165.5,953.4013793945312,0.11019338598389174,3393.770333333333,0.9666666666666667,0.9333333333333333,0,1,1,0,0,0,28
440,0,9814.170000000002,971.853818766276,0.10964241905397228,3679.631666666666,0.9333333333333333,0.9333333333333333,0,2,0,0,0,0,28
441,0,-243.24000000000035,972.1657694498698,0.10909420695870241,3440.4736666666663,0.6,0.5333333333333333,0,12,1,0,0,1,16
442,0,123.21000000000024,999.8398010253907,0.1085487359239089,3386.692666666667,0.5666666666666667,0.4666666666666667,0,13,1,1,1,0,14
443,0,5320.360000000001,939.1086649576823,0.10800599224428936,3456.184333333333,0.7,0.5666666666666667,0,9,0,3,0,1,17
444,0,3010.53,1014.6408162434896,0.10746596228306791,3480.627666666667,0.6,0.4,0,12,0,0,0,6,12
445,0,2485.77,935.2797220865885,0.10692863247165257,3497.1683333333335,0.5333333333333333,0.5333333333333333,0,14,0,0,0,0,16
446,0,4616.89,1062.5060607910157,0.1063939893092943,3552.217666666667,0.7,0.6333333333333333,0,9,0,1,0,1,19
447,0,1515.3300000000004,931.8664713541667,0.10586201936274783,3334.8946666666675,0.5333333333333333,0.4666666666666667,0,14,1,1,0,0,14
448,0,2434.37,980.1401733398437,0.10533270926593409,3343.5440000000003,0.6666666666666666,0.6,0,10,0,0,2,0,18
449,0,6523.01,950.3186401367187,0.10480604571960442,3402.221,0.8666666666666667,0.8,0,4,1,0,0,1,24
450,0,1793.5699999999997,993.7780965169271,0.1042820154910064,3370.443,0.5333333333333333,0.4666666666666667,0,14,1,0,0,1,14
451,0,3621.7300000000005,909.4964660644531,0.10376060541355137,3424.2489999999993,0.6,0.5666666666666667,0,12,0,0,0,1,17
452,0,8174.049999999999,1056.0442464192708,0.1032418023864836,3693.8216666666663,0.9666666666666667,0.9,0,1,0,0,0,2,27
453,0,2999.8900000000003,998.6366088867187,0.10272559337455119,3734.974333333333,0.8333333333333334,0.7333333333333333,0,5,0,0,2,1,22
454,0,9612.589999999998,914.9545776367188,0.10221196540767843,4018.527666666667,0.9666666666666667,0.9666666666666667,0,1,0,0,0,0,29
455,0,2646.11,978.9427185058594,0.10170090558064004,3880.5379999999996,0.6333333333333333,0.5333333333333333,0,11,2,0,0,1,16
456,0,-372.37000000000006,999.9569071451823,0.10119240105273684,3728.0599999999995,0.5333333333333333,0.4666666666666667,0,14,2,0,0,0,14
457,0,3365.04,1104.7025370279948,0.10068643904747315,3739.5946666666664,0.7,0.6666666666666666,0,9,0,0,0,1,20
458,0,541.36,1018.9198689778646,0.10018300685223579,3684.6366666666663,0.5,0.4,0,15,1,0,2,0,12
459,0,9392.369999999999,966.5743876139323,0.0996820918179746,3906.7106666666664,0.8,0.7666666666666667,0,6,0,0,1,0,23
460,0,2964.33,941.382246907552,0.09918368135888474,3947.0153333333333,0.6666666666666666,0.6,0,10,1,0,0,1,18
461,0,6093.930000000001,1039.972939046224,0.09868776295209031,3984.4333333333334,0.7333333333333333,0.7333333333333333,0,8,0,0,0,0,22
462,0,8990.62,1078.99189453125,0.09819432413732986,4219.758333333333,0.7,0.6333333333333333,0,9,1,1,0,0,19
463,0,8846.089999999997,924.2843200683594,0.09770335251664321,4425.569,1.0,0.8333333333333334,0,0,0,4,1,0,25
464,0,1339.61,989.7238525390625,0.09721483575406,4304.564,0.5333333333333333,0.4,0,14,2,0,0,2,12
465,0,7692.399999999998,929.2615152994791,0.09672876157528969,4434.855,0.9333333333333333,0.8666666666666667,0,2,1,0,0,1,26
466,0,2653.75,922.7196411132812,0.09624511776741324,4466.667,0.7666666666666667,0.7,0,7,1,0,1,0,21
467,0,2440.38,979.8507466634114,0.09576389217857617,4506.216666666666,0.6,0.5333333333333333,0,12,0,1,1,0,16
468,0,4039.62,1036.794189453125,0.09528507271768329,4320.032333333333,0.7333333333333333,0.7,0,8,0,0,1,0,21
469,0,1677.0400000000002,1084.211787923177,0.09480864735409487,4137.083666666666,0.5,0.43333333333333335,0,15,0,1,0,1,13
470,0,825.2500000000002,973.3894246419271,0.0943346041173244,3837.4529999999995,0.5333333333333333,0.5,0,14,0,0,1,0,15
471,0,1891.42,1005.1318603515625,0.09386293109673778,3908.6083333333327,0.6,0.5,0,12,1,1,0,1,15
472,0,2537.02,974.5431701660157,0.09339361644125409,3989.068666666666,0.7333333333333333,0.6333333333333333,0,8,0,2,0,1,19
473,0,1299.1799999999998,1067.1522786458333,0.09292664835904782,3855.029333333333,0.7666666666666667,0.7333333333333333,0,7,1,0,0,0,22
474,0,2417.17,1018.7092102050781,0.09246201511725258,3835.2506666666663,0.6333333333333333,0.6,0,11,0,0,1,0,18
475,0,2407.76,1013.0797058105469,0.09199970504166631,3832.6503333333326,0.6333333333333333,0.6,0,11,0,0,0,1,18
476,0,2186.1400000000003,1000.9524943033854,0.09153970651645797,3751.6253333333325,0.6666666666666666,0.6,0,10,0,2,0,0,18
477,0,5274.87,1003.6806009928385,0.09108200798387568,3876.943333333333,0.7,0.5,0,9,0,0,1,5,15
478,0,2244.2299999999996,991.8704671223958,0.0906265979439563,3870.6053333333325,0.5333333333333333,0.43333333333333335,0,14,1,0,2,0,13
479,0,2830.9400000000005,1079.1667419433593,0.09017346495423652,3747.5363333333325,0.6666666666666666,0.6,0,10,1,1,0,0,18
480,0,4269.83,987.346728515625,0.08972259762946533,3830.078333333333,0.7,0.7,0,9,0,0,0,0,21
481,0,5322.65,974.4908223470052,0.089273984641318,3886.775666666666,0.9,0.8666666666666667,0,3,1,0,0,0,26
482,0,3493.8,946.1733805338541,0.0888276147181114,3730.7673333333328,0.6666666666666666,0.5333333333333333,0,10,2,1,0,1,16
483,0,6908.059999999999,956.399912516276,0.08838347664452084,3861.039666666666,0.9,0.8333333333333334,0,3,1,1,0,0,25
484,0,3985.56,1033.7334248860677,0.08794155926129824,3673.472,0.7333333333333333,0.7333333333333333,0,8,0,0,0,0,22
485,0,5125.77,1033.1600931803384,0.08750185146499175,3756.127333333333,0.5333333333333333,0.5,0,14,0,0,0,1,15
486,0,1656.94,1081.2072916666666,0.08706434220766679,3823.771,0.6333333333333333,0.5666666666666667,0,11,0,0,1,1,17
487,0,2647.87,1077.0629150390625,0.08662902049662846,3799.865333333333,0.5,0.4666666666666667,0,15,1,0,0,0,14
488,0,3364.51,1065.1450948079428,0.08619587539414532,3893.9703333333327,0.6666666666666666,0.5333333333333333,0,10,0,2,0,2,16
489,0,1566.1400000000003,966.981113688151,0.08576489601717459,3633.0959999999995,0.4666666666666667,0.43333333333333335,0,16,0,0,0,1,13
490,0,2588.02,1019.9814839680989,0.08533607153708872,3620.552333333333,0.5333333333333333,0.5,0,14,0,0,0,1,15
491,0,4718.47,1042.0833272298178,0.08490939117940327,3574.7036666666663,0.9,0.8,0,3,1,1,1,0,24
492,0,1443.6099999999997,1113.1105102539063,0.08448484422350626,3323.136666666666,0.5666666666666667,0.43333333333333335,0,13,1,1,1,1,13
493,0,8805.2,923.5934163411458,0.08406242000238873,3321.773666666667,0.8,0.7666666666666667,0,6,1,0,0,0,23
494,0,7185.260000000001,1070.5671315511067,0.08364210790237678,3516.6286666666665,0.9666666666666667,0.9666666666666667,0,1,0,0,0,0,29
495,0,1839.7,1050.827734375,0.0832238973628649,3321.5386666666664,0.43333333333333335,0.4,0,17,0,1,0,0,12
496,0,5412.74,1005.8187520345052,0.08280777787605056,3413.5049999999997,1.0,0.9666666666666667,0,0,0,0,0,1,29
497,0,1238.3,946.1684448242188,0.08239373898667031,3373.4356666666667,0.4666666666666667,0.36666666666666664,0,16,0,1,1,1,11
498,0,7082.12,975.3451151529948,0.08198177029173696,3474.8523333333333,0.8,0.7666666666666667,0,6,0,0,0,1,23
499,0,7511.16,991.0539672851562,0.08157186144027828,3669.323,1.0,1.0,0,0,0,0,0,0,30
