categoria,WEEK_NO,n_transacoes,pct_com_desconto,desconto_medio_pct,semana_ciclo,mes_aprox
agua,1,15,73.3,24.7,1,1
agua,2,34,35.3,22.8,2,1
agua,3,45,62.2,23.3,3,1
agua,4,50,44.0,22.9,4,1
agua,5,59,45.8,17.4,5,1
agua,6,85,56.5,29.0,6,2
agua,7,80,37.5,26.4,7,2
agua,8,82,56.1,24.5,8,2
agua,9,79,58.2,21.9,9,2
agua,10,149,65.8,25.5,10,3
agua,11,176,54.0,26.4,11,3
agua,12,192,51.0,25.6,12,3
agua,13,175,56.0,26.5,13,3
agua,14,255,56.1,31.7,14,3
agua,15,242,44.6,21.0,15,4
agua,16,275,47.3,21.4,16,4
agua,17,255,51.8,21.5,17,4
agua,18,273,45.4,18.4,18,4
agua,19,256,37.5,19.5,19,5
agua,20,241,45.2,18.5,20,5
agua,21,271,36.2,19.6,21,5
agua,22,255,49.4,22.0,22,5
agua,23,281,49.5,21.4,23,6
agua,24,285,44.9,23.9,24,6
agua,25,329,47.1,28.5,25,6
agua,26,288,50.3,33.2,26,6
agua,27,226,38.9,25.6,27,6
agua,28,240,39.6,30.0,28,7
agua,29,242,39.7,25.7,29,7
agua,30,237,35.9,21.6,30,7
agua,31,209,43.5,20.2,31,7
agua,32,202,37.6,19.1,32,8
agua,33,205,29.3,19.2,33,8
agua,34,202,22.8,23.6,34,8
agua,35,150,32.0,21.9,35,8
agua,36,163,33.1,23.8,36,9
agua,37,217,25.8,23.0,37,9
agua,38,211,33.6,28.0,38,9
agua,39,169,34.3,27.8,39,9
agua,40,159,25.8,22.3,40,9
agua,41,205,36.6,22.7,41,10
agua,42,252,30.2,21.1,42,10
agua,43,261,41.4,22.0,43,10
agua,44,249,46.2,21.5,44,10
agua,45,218,50.9,21.1,45,11
agua,46,226,38.9,27.4,46,11
agua,47,214,32.2,23.0,47,11
agua,48,184,28.3,18.8,48,11
agua,49,238,34.9,25.8,49,12
agua,50,279,43.4,28.5,50,12
agua,51,239,40.6,29.4,51,12
agua,52,242,44.2,28.3,52,12
agua,53,226,42.9,26.3,1,1
agua,54,243,30.9,28.9,2,1
agua,55,214,41.6,32.3,3,1
agua,56,253,43.1,32.0,4,1
agua,57,274,44.2,24.5,5,1
agua,58,247,45.3,29.2,6,2
agua,59,314,49.4,30.7,7,2
agua,60,244,38.5,25.8,8,2
agua,61,270,44.8,27.6,9,2
agua,62,242,45.9,25.3,10,3
agua,63,305,49.5,23.2,11,3
agua,64,258,39.9,25.1,12,3
agua,65,280,60.4,23.7,13,3
agua,66,245,53.5,21.4,14,3
agua,67,296,48.0,25.6,15,4
agua,68,328,52.4,24.2,16,4
agua,69,263,38.4,23.6,17,4
agua,70,312,45.5,24.6,18,4
agua,71,255,33.7,23.7,19,5
agua,72,355,39.7,22.7,20,5
agua,73,291,34.7,25.7,21,5
agua,74,329,40.7,30.7,22,5
agua,75,276,39.1,31.5,23,6
agua,76,246,38.2,34.2,24,6
agua,77,290,40.0,31.9,25,6
agua,78,256,35.5,28.6,26,6
agua,79,215,35.8,28.0,27,6
agua,80,224,31.2,27.8,28,7
agua,81,280,28.9,26.2,29,7
agua,82,281,34.2,23.8,30,7
agua,83,262,30.2,29.3,31,7
agua,84,235,39.1,27.8,32,8
agua,85,260,27.3,26.9,33,8
agua,86,229,26.2,21.6,34,8
agua,87,200,27.0,19.1,35,8
agua,88,189,23.8,19.5,36,9
agua,89,213,20.7,19.6,37,9
agua,90,203,27.1,19.7,38,9
agua,91,224,26.8,19.9,39,9
agua,92,201,24.4,22.1,40,9
agua,93,192,27.1,19.7,41,10
agua,94,334,26.9,22.3,42,10
agua,95,277,32.1,24.5,43,10
agua,96,272,28.3,21.7,44,10
agua,97,279,43.4,23.5,45,11
agua,98,283,37.8,23.7,46,11
agua,99,352,44.6,27.5,47,11
agua,100,293,39.6,26.3,48,11
agua,101,284,40.5,29.5,49,12
agua,102,270,48.5,26.8,50,12
biscoito,1,32,75.0,27.7,1,1
biscoito,2,100,70.0,25.4,2,1
biscoito,3,92,75.0,27.6,3,1
biscoito,4,129,65.9,24.2,4,1
biscoito,5,189,68.8,30.8,5,1
biscoito,6,237,75.5,38.2,6,2
biscoito,7,193,77.2,26.6,7,2
biscoito,8,257,73.2,27.7,8,2
biscoito,9,230,62.2,27.0,9,2
biscoito,10,268,57.1,30.9,10,3
biscoito,11,363,62.3,33.5,11,3
biscoito,12,451,62.3,35.9,12,3
biscoito,13,432,64.4,33.1,13,3
biscoito,14,440,70.5,30.7,14,3
biscoito,15,491,73.7,29.5,15,4
biscoito,16,635,65.4,30.1,16,4
biscoito,17,588,70.7,32.5,17,4
biscoito,18,505,59.4,31.3,18,4
biscoito,19,493,60.9,27.2,19,5
biscoito,20,659,62.4,28.6,20,5
biscoito,21,555,73.9,27.4,21,5
biscoito,22,638,69.0,30.9,22,5
biscoito,23,602,70.8,31.3,23,6
biscoito,24,682,67.9,31.4,24,6
biscoito,25,652,60.1,29.9,25,6
biscoito,26,534,50.4,23.8,26,6
biscoito,27,559,55.5,25.3,27,6
biscoito,28,609,60.1,27.9,28,7
biscoito,29,714,57.7,30.9,29,7
biscoito,30,614,60.9,31.1,30,7
biscoito,31,664,62.7,33.5,31,7
biscoito,32,569,58.2,31.2,32,8
biscoito,33,636,64.5,23.0,33,8
biscoito,34,544,65.1,25.0,34,8
biscoito,35,601,59.2,27.9,35,8
biscoito,36,511,59.7,25.3,36,9
biscoito,37,633,49.0,31.5,37,9
biscoito,38,757,55.1,30.0,38,9
biscoito,39,602,55.8,28.3,39,9
biscoito,40,556,54.9,29.5,40,9
biscoito,41,512,55.5,33.2,41,10
biscoito,42,687,57.6,29.3,42,10
biscoito,43,586,62.8,28.6,43,10
biscoito,44,620,69.7,33.5,44,10
biscoito,45,500,61.2,31.5,45,11
biscoito,46,705,55.5,32.2,46,11
biscoito,47,612,50.5,23.8,47,11
biscoito,48,550,54.0,30.0,48,11
biscoito,49,524,57.8,23.3,49,12
biscoito,50,609,50.2,26.2,50,12
biscoito,51,552,55.8,25.9,51,12
biscoito,52,611,64.5,27.7,52,12
biscoito,53,614,66.1,23.9,1,1
biscoito,54,592,59.6,30.2,2,1
biscoito,55,628,70.4,30.6,3,1
biscoito,56,569,65.7,32.2,4,1
biscoito,57,485,59.8,28.1,5,1
biscoito,58,594,48.8,31.5,6,2
biscoito,59,716,51.7,27.1,7,2
biscoito,60,569,62.6,25.6,8,2
biscoito,61,637,62.2,24.0,9,2
biscoito,62,525,63.8,26.3,10,3
biscoito,63,645,59.5,30.0,11,3
biscoito,64,704,61.4,30.4,12,3
biscoito,65,571,62.0,27.4,13,3
biscoito,66,632,69.3,30.8,14,3
biscoito,67,632,67.1,27.7,15,4
biscoito,68,628,65.8,27.2,16,4
biscoito,69,566,57.4,30.6,17,4
biscoito,70,563,54.9,27.5,18,4
biscoito,71,528,52.7,31.7,19,5
biscoito,72,581,60.2,26.4,20,5
biscoito,73,626,59.9,28.5,21,5
biscoito,74,677,70.5,29.1,22,5
biscoito,75,622,63.3,26.9,23,6
biscoito,76,618,67.6,29.5,24,6
biscoito,77,809,72.6,31.1,25,6
biscoito,78,596,51.7,25.3,26,6
biscoito,79,642,53.7,27.1,27,6
biscoito,80,585,53.3,27.4,28,7
biscoito,81,680,66.3,29.8,29,7
biscoito,82,609,66.5,30.2,30,7
biscoito,83,557,59.2,24.2,31,7
biscoito,84,601,60.7,26.7,32,8
biscoito,85,686,68.8,28.2,33,8
biscoito,86,618,61.3,27.4,34,8
biscoito,87,626,58.1,31.6,35,8
biscoito,88,573,62.0,32.5,36,9
biscoito,89,686,59.8,30.9,37,9
biscoito,90,671,62.7,29.9,38,9
biscoito,91,609,61.7,29.9,39,9
biscoito,92,729,60.2,27.1,40,9
biscoito,93,455,59.6,26.9,41,10
biscoito,94,623,52.8,31.3,42,10
biscoito,95,655,56.6,30.1,43,10
biscoito,96,617,62.9,26.8,44,10
biscoito,97,719,67.5,33.9,45,11
biscoito,98,753,60.8,31.2,46,11
biscoito,99,761,56.5,24.6,47,11
biscoito,100,649,59.6,24.6,48,11
biscoito,101,556,53.4,26.5,49,12
biscoito,102,552,62.3,27.7,50,12
cafe,1,11,36.4,30.8,1,1
cafe,2,23,60.9,24.0,2,1
cafe,3,19,42.1,22.9,3,1
cafe,4,21,57.1,18.4,4,1
cafe,5,30,60.0,23.4,5,1
cafe,6,36,36.1,17.4,6,2
cafe,7,52,44.2,22.5,7,2
cafe,8,68,48.5,16.8,8,2
cafe,9,63,41.3,24.5,9,2
cafe,10,59,44.1,19.0,10,3
cafe,11,86,46.5,19.1,11,3
cafe,12,73,42.5,14.8,12,3
cafe,13,102,50.0,20.7,13,3
cafe,14,95,42.1,24.7,14,3
cafe,15,131,67.2,21.0,15,4
cafe,16,114,58.8,21.8,16,4
cafe,17,120,54.2,16.0,17,4
cafe,18,125,44.0,12.8,18,4
cafe,19,86,39.5,17.5,19,5
cafe,20,147,38.1,23.6,20,5
cafe,21,124,35.5,14.6,21,5
cafe,22,131,22.9,19.1,22,5
cafe,23,133,37.6,15.7,23,6
cafe,24,131,35.1,15.5,24,6
cafe,25,160,28.7,15.1,25,6
cafe,26,143,43.4,25.5,26,6
cafe,27,139,46.0,25.0,27,6
cafe,28,124,37.9,21.9,28,7
cafe,29,163,42.3,25.9,29,7
cafe,30,133,46.6,25.3,30,7
cafe,31,159,48.4,23.2,31,7
cafe,32,138,45.7,22.6,32,8
cafe,33,153,46.4,22.5,33,8
cafe,34,162,45.1,22.0,34,8
cafe,35,145,55.9,20.4,35,8
cafe,36,166,50.6,22.3,36,9
cafe,37,191,54.5,20.8,37,9
cafe,38,211,49.8,20.6,38,9
cafe,39,184,60.3,29.1,39,9
cafe,40,167,55.1,29.3,40,9
cafe,41,140,56.4,22.0,41,10
cafe,42,162,46.3,22.6,42,10
cafe,43,152,37.5,26.4,43,10
cafe,44,179,46.9,26.6,44,10
cafe,45,138,63.8,26.2,45,11
cafe,46,153,34.6,21.8,46,11
cafe,47,148,36.5,24.6,47,11
cafe,48,143,35.7,21.7,48,11
cafe,49,161,42.2,19.7,49,12
cafe,50,167,52.1,21.7,50,12
cafe,51,141,40.4,19.9,51,12
cafe,52,131,40.5,26.2,52,12
cafe,53,135,41.5,21.8,1,1
cafe,54,176,54.0,18.6,2,1
cafe,55,158,53.2,19.4,3,1
cafe,56,139,64.0,15.5,4,1
cafe,57,117,53.8,19.0,5,1
cafe,58,146,39.7,16.3,6,2
cafe,59,160,30.6,22.2,7,2
cafe,60,161,43.5,22.6,8,2
cafe,61,150,46.0,29.3,9,2
cafe,62,111,34.2,23.2,10,3
cafe,63,163,30.1,19.2,11,3
cafe,64,162,44.4,18.7,12,3
cafe,65,144,46.5,17.1,13,3
cafe,66,121,47.9,22.4,14,3
cafe,67,152,53.3,19.7,15,4
cafe,68,155,56.8,24.5,16,4
cafe,69,146,58.2,27.3,17,4
cafe,70,133,47.4,20.9,18,4
cafe,71,134,41.8,15.7,19,5
cafe,72,145,42.1,13.5,20,5
cafe,73,129,34.9,13.3,21,5
cafe,74,160,60.6,19.8,22,5
cafe,75,158,55.7,16.8,23,6
cafe,76,147,44.9,16.8,24,6
cafe,77,141,39.7,13.6,25,6
cafe,78,142,58.5,15.1,26,6
cafe,79,181,50.8,23.9,27,6
cafe,80,166,51.2,21.8,28,7
cafe,81,170,44.7,19.7,29,7
cafe,82,185,47.0,16.9,30,7
cafe,83,159,50.9,15.8,31,7
cafe,84,199,68.3,25.9,32,8
cafe,85,192,76.0,26.7,33,8
cafe,86,163,47.9,17.2,34,8
cafe,87,202,64.4,26.8,35,8
cafe,88,206,67.0,25.3,36,9
cafe,89,172,57.6,15.9,37,9
cafe,90,175,59.4,18.5,38,9
cafe,91,152,70.4,18.6,39,9
cafe,92,221,66.1,24.6,40,9
cafe,93,125,59.2,23.4,41,10
cafe,94,183,31.1,20.2,42,10
cafe,95,165,39.4,16.8,43,10
cafe,96,139,38.1,18.2,44,10
cafe,97,178,48.9,16.7,45,11
cafe,98,179,45.8,16.9,46,11
cafe,99,182,32.4,16.9,47,11
cafe,100,146,41.1,15.7,48,11
cafe,101,155,49.7,16.8,49,12
cafe,102,114,47.4,19.8,50,12
cerveja,1,14,0.0,0.0,1,1
cerveja,2,19,0.0,0.0,2,1
cerveja,3,28,3.6,10.7,3,1
cerveja,4,34,2.9,10.7,4,1
cerveja,5,45,4.4,7.4,5,1
cerveja,6,55,5.5,4.1,6,2
cerveja,7,66,0.0,0.0,7,2
cerveja,8,84,0.0,0.0,8,2
cerveja,9,79,1.3,8.4,9,2
cerveja,10,140,0.0,0.0,10,3
cerveja,11,135,1.5,7.4,11,3
cerveja,12,152,0.0,0.0,12,3
cerveja,13,162,0.6,7.1,13,3
cerveja,14,171,1.8,5.8,14,3
cerveja,15,220,0.5,4.1,15,4
cerveja,16,188,0.5,11.3,16,4
cerveja,17,206,0.0,0.0,17,4
cerveja,18,202,0.5,25.9,18,4
cerveja,19,220,0.5,15.8,19,5
cerveja,20,171,1.2,9.4,20,5
cerveja,21,201,0.0,0.0,21,5
cerveja,22,189,1.1,16.2,22,5
cerveja,23,199,0.5,18.5,23,6
cerveja,24,222,0.0,0.0,24,6
cerveja,25,219,0.5,5.9,25,6
cerveja,26,188,0.5,13.6,26,6
cerveja,27,185,0.0,0.0,27,6
cerveja,28,181,0.0,0.0,28,7
cerveja,29,170,0.0,0.0,29,7
cerveja,30,179,0.0,0.0,30,7
cerveja,31,179,0.0,0.0,31,7
cerveja,32,167,0.0,0.0,32,8
cerveja,33,156,0.0,0.0,33,8
cerveja,34,176,0.0,0.0,34,8
cerveja,35,158,0.6,8.3,35,8
cerveja,36,220,0.0,0.0,36,9
cerveja,37,175,0.6,16.0,37,9
cerveja,38,174,0.0,0.0,38,9
cerveja,39,173,0.0,0.0,39,9
cerveja,40,205,0.0,0.0,40,9
cerveja,41,224,0.4,10.4,41,10
cerveja,42,168,0.6,12.4,42,10
cerveja,43,158,2.5,26.9,43,10
cerveja,44,153,0.7,75.2,44,10
cerveja,45,197,0.0,0.0,45,11
cerveja,46,245,0.8,13.4,46,11
cerveja,47,161,0.0,0.0,47,11
cerveja,48,164,0.0,0.0,48,11
cerveja,49,178,0.0,0.0,49,12
cerveja,50,150,0.0,0.0,50,12
cerveja,51,172,0.0,0.0,51,12
cerveja,52,162,0.0,0.0,52,12
cerveja,53,152,0.0,0.0,1,1
cerveja,54,132,0.0,0.0,2,1
cerveja,55,164,0.6,16.7,3,1
cerveja,56,197,0.0,0.0,4,1
cerveja,57,198,0.0,0.0,5,1
cerveja,58,160,0.0,0.0,6,2
cerveja,59,206,0.0,0.0,7,2
cerveja,60,165,1.8,10.8,8,2
cerveja,61,181,1.1,18.4,9,2
cerveja,62,249,0.4,5.0,10,3
cerveja,63,230,0.9,15.5,11,3
cerveja,64,211,0.5,20.0,12,3
cerveja,65,207,1.4,20.0,13,3
cerveja,66,194,1.0,18.4,14,3
cerveja,67,265,1.5,19.2,15,4
cerveja,68,278,0.4,20.0,16,4
cerveja,69,212,0.0,0.0,17,4
cerveja,70,198,0.0,0.0,18,4
cerveja,71,210,0.0,0.0,19,5
cerveja,72,229,0.0,0.0,20,5
cerveja,73,203,0.0,0.0,21,5
cerveja,74,210,0.0,0.0,22,5
cerveja,75,199,0.0,0.0,23,6
cerveja,76,187,0.0,0.0,24,6
cerveja,77,187,0.0,0.0,25,6
cerveja,78,166,0.0,0.0,26,6
cerveja,79,178,1.7,5.8,27,6
cerveja,80,194,1.0,10.5,28,7
cerveja,81,177,0.6,5.6,29,7
cerveja,82,193,0.0,0.0,30,7
cerveja,83,140,2.1,7.7,31,7
cerveja,84,204,0.0,0.0,32,8
cerveja,85,211,0.0,0.0,33,8
cerveja,86,169,0.6,12.5,34,8
cerveja,87,190,1.6,8.9,35,8
cerveja,88,198,1.5,11.7,36,9
cerveja,89,146,0.0,0.0,37,9
cerveja,90,178,0.0,0.0,38,9
cerveja,91,183,0.0,0.0,39,9
cerveja,92,246,1.2,7.0,40,9
cerveja,93,227,0.0,0.0,41,10
cerveja,94,149,0.0,0.0,42,10
cerveja,95,175,0.0,0.0,43,10
cerveja,96,167,0.6,16.7,44,10
cerveja,97,177,0.0,0.0,45,11
cerveja,98,231,0.0,0.0,46,11
cerveja,99,173,0.6,19.6,47,11
cerveja,100,188,0.5,12.6,48,11
cerveja,101,149,0.0,0.0,49,12
cerveja,102,138,0.7,9.8,50,12
cha,1,5,100.0,28.6,1,1
cha,2,6,0.0,0.0,2,1
cha,3,10,20.0,10.8,3,1
cha,4,14,57.1,27.2,4,1
cha,5,12,33.3,16.4,5,1
cha,6,24,33.3,19.6,6,2
cha,7,14,7.1,25.6,7,2
cha,8,25,32.0,16.7,8,2
cha,9,18,11.1,29.4,9,2
cha,10,16,25.0,16.7,10,3
cha,11,28,42.9,17.5,11,3
cha,12,37,51.4,19.1,12,3
cha,13,40,55.0,21.2,13,3
cha,14,30,50.0,24.8,14,3
cha,15,38,36.8,24.2,15,4
cha,16,57,52.6,26.8,16,4
cha,17,43,39.5,24.9,17,4
cha,18,36,30.6,19.4,18,4
cha,19,41,14.6,26.8,19,5
cha,20,48,22.9,20.9,20,5
cha,21,30,13.3,22.8,21,5
cha,22,45,46.7,28.0,22,5
cha,23,36,41.7,23.2,23,6
cha,24,33,39.4,22.4,24,6
cha,25,32,40.6,25.4,25,6
cha,26,28,14.3,24.3,26,6
cha,27,38,42.1,18.3,27,6
cha,28,31,38.7,31.8,28,7
cha,29,41,36.6,25.1,29,7
cha,30,40,12.5,24.7,30,7
cha,31,39,35.9,22.0,31,7
cha,32,46,34.8,24.8,32,8
cha,33,54,31.5,22.6,33,8
cha,34,48,18.8,22.0,34,8
cha,35,49,26.5,21.7,35,8
cha,36,41,31.7,27.1,36,9
cha,37,42,47.6,24.2,37,9
cha,38,62,51.6,29.4,38,9
cha,39,41,43.9,25.7,39,9
cha,40,47,63.8,27.3,40,9
cha,41,46,52.2,26.6,41,10
cha,42,46,28.3,27.8,42,10
cha,43,45,40.0,24.7,43,10
cha,44,36,50.0,22.8,44,10
cha,45,35,31.4,28.4,45,11
cha,46,54,40.7,7.8,46,11
cha,47,42,52.4,8.7,47,11
cha,48,39,48.7,16.6,48,11
cha,49,50,74.0,18.5,49,12
cha,50,61,65.6,19.4,50,12
cha,51,39,53.8,16.0,51,12
cha,52,38,57.9,20.6,52,12
cha,53,33,54.5,14.3,1,1
cha,54,49,38.8,11.2,2,1
cha,55,52,36.5,16.3,3,1
cha,56,42,52.4,18.5,4,1
cha,57,38,34.2,6.0,5,1
cha,58,28,53.6,17.1,6,2
cha,59,46,60.9,25.1,7,2
cha,60,33,66.7,26.4,8,2
cha,61,39,43.6,9.6,9,2
cha,62,29,48.3,12.8,10,3
cha,63,50,60.0,10.5,11,3
cha,64,28,64.3,10.7,12,3
cha,65,38,50.0,9.6,13,3
cha,66,35,60.0,16.1,14,3
cha,67,48,54.2,18.2,15,4
cha,68,49,53.1,15.2,16,4
cha,69,39,48.7,20.2,17,4
cha,70,47,31.9,20.0,18,4
cha,71,48,35.4,26.0,19,5
cha,72,59,57.6,10.4,20,5
cha,73,41,51.2,10.8,21,5
cha,74,39,43.6,23.8,22,5
cha,75,37,37.8,20.4,23,6
cha,76,33,45.5,20.5,24,6
cha,77,38,55.3,16.3,25,6
cha,78,27,55.6,17.2,26,6
cha,79,36,52.8,14.7,27,6
cha,80,37,51.4,16.4,28,7
cha,81,37,37.8,16.1,29,7
cha,82,51,56.9,17.8,30,7
cha,83,54,57.4,21.2,31,7
cha,84,43,72.1,18.7,32,8
cha,85,59,49.2,22.6,33,8
cha,86,49,61.2,17.3,34,8
cha,87,53,77.4,18.1,35,8
cha,88,34,64.7,18.7,36,9
cha,89,51,66.7,17.7,37,9
cha,90,41,63.4,18.3,38,9
cha,91,31,58.1,17.8,39,9
cha,92,47,68.1,20.3,40,9
cha,93,36,83.3,18.8,41,10
cha,94,69,47.8,19.6,42,10
cha,95,38,15.8,17.8,43,10
cha,96,46,43.5,14.6,44,10
cha,97,43,51.2,13.2,45,11
cha,98,50,48.0,10.1,46,11
cha,99,57,50.9,13.6,47,11
cha,100,41,48.8,8.9,48,11
cha,101,35,57.1,18.5,49,12
cha,102,45,55.6,24.3,50,12
chocolate_doce,1,86,23.3,35.8,1,1
chocolate_doce,2,99,69.7,49.1,2,1
chocolate_doce,3,130,47.7,39.8,3,1
chocolate_doce,4,173,45.1,38.0,4,1
chocolate_doce,5,198,43.9,34.1,5,1
chocolate_doce,6,182,48.9,35.7,6,2
chocolate_doce,7,283,60.1,36.2,7,2
chocolate_doce,8,320,53.8,35.3,8,2
chocolate_doce,9,307,52.8,36.9,9,2
chocolate_doce,10,324,48.1,34.5,10,3
chocolate_doce,11,519,67.4,48.3,11,3
chocolate_doce,12,475,63.2,41.0,12,3
chocolate_doce,13,573,51.0,40.6,13,3
chocolate_doce,14,513,42.9,40.8,14,3
chocolate_doce,15,594,58.2,40.6,15,4
chocolate_doce,16,680,54.0,42.1,16,4
chocolate_doce,17,756,57.7,44.5,17,4
chocolate_doce,18,714,51.8,43.7,18,4
chocolate_doce,19,704,48.3,37.7,19,5
chocolate_doce,20,821,43.0,33.2,20,5
chocolate_doce,21,646,35.0,24.6,21,5
chocolate_doce,22,674,47.0,42.2,22,5
chocolate_doce,23,597,42.7,44.6,23,6
chocolate_doce,24,682,46.5,34.8,24,6
chocolate_doce,25,760,44.7,42.5,25,6
chocolate_doce,26,871,52.7,41.6,26,6
chocolate_doce,27,720,50.0,39.4,27,6
chocolate_doce,28,743,42.1,42.3,28,7
chocolate_doce,29,811,53.8,43.4,29,7
chocolate_doce,30,670,28.7,43.1,30,7
chocolate_doce,31,669,28.8,42.3,31,7
chocolate_doce,32,770,35.7,35.0,32,8
chocolate_doce,33,735,40.8,35.2,33,8
chocolate_doce,34,654,48.9,41.6,34,8
chocolate_doce,35,617,52.8,37.9,35,8
chocolate_doce,36,580,46.2,37.7,36,9
chocolate_doce,37,729,52.4,37.5,37,9
chocolate_doce,38,855,58.6,34.4,38,9
chocolate_doce,39,883,59.8,33.9,39,9
chocolate_doce,40,737,57.9,33.9,40,9
chocolate_doce,41,554,49.8,39.4,41,10
chocolate_doce,42,693,50.6,40.8,42,10
chocolate_doce,43,635,43.6,47.0,43,10
chocolate_doce,44,762,54.9,36.2,44,10
chocolate_doce,45,689,49.5,37.6,45,11
chocolate_doce,46,913,35.9,46.2,46,11
chocolate_doce,47,848,33.8,40.2,47,11
chocolate_doce,48,814,29.1,40.7,48,11
chocolate_doce,49,816,50.4,43.0,49,12
chocolate_doce,50,780,48.2,39.1,50,12
chocolate_doce,51,764,44.9,36.3,51,12
chocolate_doce,52,804,47.5,40.1,52,12
chocolate_doce,53,786,46.7,40.1,1,1
chocolate_doce,54,885,55.4,41.7,2,1
chocolate_doce,55,916,54.7,41.3,3,1
chocolate_doce,56,1451,44.7,31.9,4,1
chocolate_doce,57,673,58.1,39.7,5,1
chocolate_doce,58,728,45.9,43.5,6,2
chocolate_doce,59,859,46.0,38.0,7,2
chocolate_doce,60,712,44.7,36.3,8,2
chocolate_doce,61,786,56.7,39.6,9,2
chocolate_doce,62,794,54.5,39.4,10,3
chocolate_doce,63,674,46.9,38.6,11,3
chocolate_doce,64,803,45.3,36.2,12,3
chocolate_doce,65,825,53.3,48.1,13,3
chocolate_doce,66,647,49.5,50.0,14,3
chocolate_doce,67,629,45.5,42.8,15,4
chocolate_doce,68,736,42.7,42.7,16,4
chocolate_doce,69,645,41.7,42.2,17,4
chocolate_doce,70,735,49.9,47.0,18,4
chocolate_doce,71,708,63.0,37.5,19,5
chocolate_doce,72,756,57.9,38.5,20,5
chocolate_doce,73,772,68.8,37.0,21,5
chocolate_doce,74,775,61.2,34.0,22,5
chocolate_doce,75,708,57.1,37.5,23,6
chocolate_doce,76,688,33.4,41.3,24,6
chocolate_doce,77,656,28.8,40.4,25,6
chocolate_doce,78,589,37.2,39.3,26,6
chocolate_doce,79,668,39.4,45.7,27,6
chocolate_doce,80,623,33.9,43.5,28,7
chocolate_doce,81,717,36.0,39.2,29,7
chocolate_doce,82,777,49.8,40.3,30,7
chocolate_doce,83,688,45.8,39.7,31,7
chocolate_doce,84,879,46.5,38.6,32,8
chocolate_doce,85,910,47.9,35.7,33,8
chocolate_doce,86,669,58.4,48.4,34,8
chocolate_doce,87,664,59.8,47.5,35,8
chocolate_doce,88,698,49.3,44.6,36,9
chocolate_doce,89,829,59.6,45.0,37,9
chocolate_doce,90,789,44.9,35.7,38,9
chocolate_doce,91,833,39.9,33.3,39,9
chocolate_doce,92,943,46.3,31.1,40,9
chocolate_doce,93,458,59.0,41.3,41,10
chocolate_doce,94,633,61.0,44.8,42,10
chocolate_doce,95,716,57.3,48.0,43,10
chocolate_doce,96,659,44.8,38.4,44,10
chocolate_doce,97,882,59.5,52.1,45,11
chocolate_doce,98,835,52.5,50.3,46,11
chocolate_doce,99,878,42.8,38.8,47,11
chocolate_doce,100,910,49.5,38.7,48,11
chocolate_doce,101,630,39.8,43.4,49,12
chocolate_doce,102,583,38.9,40.6,50,12
cigarro,1,5,0.0,0.0,1,1
cigarro,2,6,0.0,0.0,2,1
cigarro,3,31,0.0,0.0,3,1
cigarro,4,32,0.0,0.0,4,1
cigarro,5,39,0.0,0.0,5,1
cigarro,6,49,0.0,0.0,6,2
cigarro,7,50,0.0,0.0,7,2
cigarro,8,58,0.0,0.0,8,2
cigarro,9,49,0.0,0.0,9,2
cigarro,10,78,0.0,0.0,10,3
cigarro,11,98,0.0,0.0,11,3
cigarro,12,109,0.0,0.0,12,3
cigarro,13,122,0.0,0.0,13,3
cigarro,14,117,0.0,0.0,14,3
cigarro,15,135,0.0,0.0,15,4
cigarro,16,156,0.0,0.0,16,4
cigarro,17,179,0.0,0.0,17,4
cigarro,18,154,0.0,0.0,18,4
cigarro,19,173,0.0,0.0,19,5
cigarro,20,178,0.6,15.6,20,5
cigarro,21,169,0.6,15.6,21,5
cigarro,22,144,1.4,11.7,22,5
cigarro,23,178,0.0,0.0,23,6
cigarro,24,167,0.0,0.0,24,6
cigarro,25,170,1.2,33.0,25,6
cigarro,26,139,2.2,52.2,26,6
cigarro,27,139,0.0,0.0,27,6
cigarro,28,135,0.7,11.1,28,7
cigarro,29,170,0.0,0.0,29,7
cigarro,30,139,0.0,0.0,30,7
cigarro,31,133,0.0,0.0,31,7
cigarro,32,146,0.0,0.0,32,8
cigarro,33,150,0.0,0.0,33,8
cigarro,34,114,0.0,0.0,34,8
cigarro,35,112,0.0,0.0,35,8
cigarro,36,162,0.0,0.0,36,9
cigarro,37,132,0.0,0.0,37,9
cigarro,38,142,0.0,0.0,38,9
cigarro,39,138,0.0,0.0,39,9
cigarro,40,130,0.0,0.0,40,9
cigarro,41,161,0.0,0.0,41,10
cigarro,42,120,0.8,37.3,42,10
cigarro,43,135,0.0,0.0,43,10
cigarro,44,132,0.0,0.0,44,10
cigarro,45,127,0.8,54.3,45,11
cigarro,46,139,0.0,0.0,46,11
cigarro,47,150,0.0,0.0,47,11
cigarro,48,148,0.0,0.0,48,11
cigarro,49,157,0.0,0.0,49,12
cigarro,50,122,1.6,51.1,50,12
cigarro,51,145,0.7,27.3,51,12
cigarro,52,125,0.0,0.0,52,12
cigarro,53,144,0.7,27.3,1,1
cigarro,54,138,0.0,0.0,2,1
cigarro,55,138,0.0,0.0,3,1
cigarro,56,149,0.0,0.0,4,1
cigarro,57,146,0.0,0.0,5,1
cigarro,58,155,0.0,0.0,6,2
cigarro,59,134,0.7,27.1,7,2
cigarro,60,133,0.0,0.0,8,2
cigarro,61,154,0.0,0.0,9,2
cigarro,62,131,0.0,0.0,10,3
cigarro,63,137,0.7,66.6,11,3
cigarro,64,137,0.0,0.0,12,3
cigarro,65,144,0.0,0.0,13,3
cigarro,66,140,8.6,58.2,14,3
cigarro,67,150,6.0,46.0,15,4
cigarro,68,152,3.3,43.5,16,4
cigarro,69,164,3.7,58.2,17,4
cigarro,70,151,0.0,0.0,18,4
cigarro,71,161,0.0,0.0,19,5
cigarro,72,137,0.0,0.0,20,5
cigarro,73,143,0.0,0.0,21,5
cigarro,74,134,0.0,0.0,22,5
cigarro,75,158,0.0,0.0,23,6
cigarro,76,141,1.4,15.4,24,6
cigarro,77,173,1.2,15.4,25,6
cigarro,78,134,0.7,6.0,26,6
cigarro,79,153,1.3,15.4,27,6
cigarro,80,153,0.0,0.0,28,7
cigarro,81,129,0.0,0.0,29,7
cigarro,82,128,0.0,0.0,30,7
cigarro,83,130,1.5,30.8,31,7
cigarro,84,152,1.3,20.4,32,8
cigarro,85,117,2.6,28.9,33,8
cigarro,86,145,0.7,16.7,34,8
cigarro,87,134,1.5,45.8,35,8
cigarro,88,155,2.6,65.5,36,9
cigarro,89,144,1.4,16.7,37,9
cigarro,90,161,0.6,74.9,38,9
cigarro,91,144,0.0,0.0,39,9
cigarro,92,158,0.0,0.0,40,9
cigarro,93,160,0.0,0.0,41,10
cigarro,94,128,0.0,0.0,42,10
cigarro,95,128,0.0,0.0,43,10
cigarro,96,113,0.0,0.0,44,10
cigarro,97,126,0.8,74.7,45,11
cigarro,98,141,0.0,0.0,46,11
cigarro,99,138,0.7,74.7,47,11
cigarro,100,118,0.0,0.0,48,11
cigarro,101,111,0.9,16.7,49,12
cigarro,102,102,0.0,0.0,50,12
destilados,1,1,0.0,0.0,1,1
destilados,2,6,0.0,0.0,2,1
destilados,3,3,0.0,0.0,3,1
destilados,4,6,0.0,0.0,4,1
destilados,5,14,0.0,0.0,5,1
destilados,6,12,0.0,0.0,6,2
destilados,7,12,0.0,0.0,7,2
destilados,8,15,0.0,0.0,8,2
destilados,9,11,0.0,0.0,9,2
destilados,10,17,0.0,0.0,10,3
destilados,11,15,0.0,0.0,11,3
destilados,12,20,0.0,0.0,12,3
destilados,13,18,11.1,12.3,13,3
destilados,14,29,17.2,8.1,14,3
destilados,15,36,0.0,0.0,15,4
destilados,16,22,0.0,0.0,16,4
destilados,17,19,0.0,0.0,17,4
destilados,18,18,0.0,0.0,18,4
destilados,19,39,0.0,0.0,19,5
destilados,20,32,0.0,0.0,20,5
destilados,21,25,0.0,0.0,21,5
destilados,22,22,0.0,0.0,22,5
destilados,23,28,0.0,0.0,23,6
destilados,24,18,0.0,0.0,24,6
destilados,25,25,0.0,0.0,25,6
destilados,26,25,4.0,16.7,26,6
destilados,27,18,0.0,0.0,27,6
destilados,28,24,0.0,0.0,28,7
destilados,29,24,0.0,0.0,29,7
destilados,30,18,0.0,0.0,30,7
destilados,31,19,0.0,0.0,31,7
destilados,32,18,0.0,0.0,32,8
destilados,33,20,0.0,0.0,33,8
destilados,34,25,16.0,7.7,34,8
destilados,35,18,0.0,0.0,35,8
destilados,36,36,11.1,11.2,36,9
destilados,37,29,3.4,10.4,37,9
destilados,38,34,0.0,0.0,38,9
destilados,39,33,3.0,3.5,39,9
destilados,40,37,2.7,3.5,40,9
destilados,41,73,11.0,9.2,41,10
destilados,42,18,5.6,12.0,42,10
destilados,43,18,5.6,16.4,43,10
destilados,44,22,9.1,19.0,44,10
destilados,45,25,8.0,23.1,45,11
destilados,46,38,0.0,0.0,46,11
destilados,47,27,3.7,16.4,47,11
destilados,48,21,0.0,0.0,48,11
destilados,49,28,3.6,25.7,49,12
destilados,50,24,12.5,28.3,50,12
destilados,51,24,4.2,25.7,51,12
destilados,52,32,6.2,29.6,52,12
destilados,53,30,20.0,25.6,1,1
destilados,54,24,8.3,19.3,2,1
destilados,55,18,16.7,12.7,3,1
destilados,56,27,11.1,20.4,4,1
destilados,57,33,6.1,10.0,5,1
destilados,58,29,3.4,10.0,6,2
destilados,59,30,3.3,15.4,7,2
destilados,60,23,4.3,10.0,8,2
destilados,61,30,0.0,0.0,9,2
destilados,62,39,2.6,10.0,10,3
destilados,63,29,0.0,0.0,11,3
destilados,64,27,3.7,10.0,12,3
destilados,65,27,3.7,10.0,13,3
destilados,66,37,2.7,10.0,14,3
destilados,67,40,0.0,0.0,15,4
destilados,68,35,2.9,10.0,16,4
destilados,69,32,0.0,0.0,17,4
destilados,70,25,0.0,0.0,18,4
destilados,71,17,0.0,0.0,19,5
destilados,72,30,3.3,10.0,20,5
destilados,73,39,0.0,0.0,21,5
destilados,74,30,3.3,10.0,22,5
destilados,75,21,0.0,0.0,23,6
destilados,76,36,0.0,0.0,24,6
destilados,77,22,4.5,10.0,25,6
destilados,78,23,4.3,10.0,26,6
destilados,79,15,0.0,0.0,27,6
destilados,80,31,0.0,0.0,28,7
destilados,81,36,0.0,0.0,29,7
destilados,82,31,6.5,11.1,30,7
destilados,83,27,7.4,9.7,31,7
destilados,84,35,8.6,16.2,32,8
destilados,85,27,3.7,13.5,33,8
destilados,86,25,24.0,11.1,34,8
destilados,87,31,12.9,13.5,35,8
destilados,88,28,14.3,15.5,36,9
destilados,89,36,5.6,17.6,37,9
destilados,90,32,6.2,13.5,38,9
destilados,91,40,12.5,12.6,39,9
destilados,92,71,15.5,13.9,40,9
destilados,93,58,19.0,11.6,41,10
destilados,94,24,4.2,8.7,42,10
destilados,95,21,4.8,7.8,43,10
destilados,96,24,0.0,0.0,44,10
destilados,97,28,7.1,13.5,45,11
destilados,98,34,5.9,11.1,46,11
destilados,99,24,4.2,8.7,47,11
destilados,100,32,0.0,0.0,48,11
destilados,101,25,0.0,0.0,49,12
destilados,102,20,0.0,0.0,50,12
gelo,1,4,0.0,0.0,1,1
gelo,2,1,0.0,0.0,2,1
gelo,3,6,0.0,0.0,3,1
gelo,4,5,0.0,0.0,4,1
gelo,5,6,0.0,0.0,5,1
gelo,6,4,0.0,0.0,6,2
gelo,7,14,0.0,0.0,7,2
gelo,8,8,0.0,0.0,8,2
gelo,9,18,0.0,0.0,9,2
gelo,10,29,0.0,0.0,10,3
gelo,11,38,0.0,0.0,11,3
gelo,12,30,0.0,0.0,12,3
gelo,13,36,0.0,0.0,13,3
gelo,14,39,0.0,0.0,14,3
gelo,15,49,0.0,0.0,15,4
gelo,16,49,0.0,0.0,16,4
gelo,17,44,0.0,0.0,17,4
gelo,18,47,0.0,0.0,18,4
gelo,19,37,0.0,0.0,19,5
gelo,20,31,0.0,0.0,20,5
gelo,21,39,0.0,0.0,21,5
gelo,22,27,0.0,0.0,22,5
gelo,23,29,0.0,0.0,23,6
gelo,24,30,0.0,0.0,24,6
gelo,25,42,0.0,0.0,25,6
gelo,26,28,0.0,0.0,26,6
gelo,27,26,0.0,0.0,27,6
gelo,28,12,0.0,0.0,28,7
gelo,29,22,0.0,0.0,29,7
gelo,30,21,0.0,0.0,30,7
gelo,31,26,0.0,0.0,31,7
gelo,32,18,0.0,0.0,32,8
gelo,33,19,0.0,0.0,33,8
gelo,34,14,0.0,0.0,34,8
gelo,35,16,0.0,0.0,35,8
gelo,36,21,0.0,0.0,36,9
gelo,37,7,0.0,0.0,37,9
gelo,38,26,0.0,0.0,38,9
gelo,39,14,0.0,0.0,39,9
gelo,40,34,0.0,0.0,40,9
gelo,41,30,0.0,0.0,41,10
gelo,42,18,0.0,0.0,42,10
gelo,43,18,0.0,0.0,43,10
gelo,44,17,0.0,0.0,44,10
gelo,45,9,0.0,0.0,45,11
gelo,46,14,0.0,0.0,46,11
gelo,47,12,0.0,0.0,47,11
gelo,48,13,0.0,0.0,48,11
gelo,49,15,0.0,0.0,49,12
gelo,50,20,0.0,0.0,50,12
gelo,51,12,0.0,0.0,51,12
gelo,52,21,0.0,0.0,52,12
gelo,53,15,0.0,0.0,1,1
gelo,54,21,0.0,0.0,2,1
gelo,55,18,0.0,0.0,3,1
gelo,56,29,0.0,0.0,4,1
gelo,57,25,0.0,0.0,5,1
gelo,58,31,0.0,0.0,6,2
gelo,59,33,0.0,0.0,7,2
gelo,60,21,0.0,0.0,8,2
gelo,61,34,0.0,0.0,9,2
gelo,62,50,0.0,0.0,10,3
gelo,63,45,0.0,0.0,11,3
gelo,64,42,0.0,0.0,12,3
gelo,65,39,0.0,0.0,13,3
gelo,66,42,0.0,0.0,14,3
gelo,67,58,0.0,0.0,15,4
gelo,68,61,0.0,0.0,16,4
gelo,69,44,0.0,0.0,17,4
gelo,70,26,0.0,0.0,18,4
gelo,71,35,0.0,0.0,19,5
gelo,72,51,0.0,0.0,20,5
gelo,73,44,0.0,0.0,21,5
gelo,74,32,0.0,0.0,22,5
gelo,75,34,0.0,0.0,23,6
gelo,76,27,0.0,0.0,24,6
gelo,77,34,0.0,0.0,25,6
gelo,78,27,0.0,0.0,26,6
gelo,79,14,0.0,0.0,27,6
gelo,80,27,0.0,0.0,28,7
gelo,81,20,0.0,0.0,29,7
gelo,82,14,0.0,0.0,30,7
gelo,83,15,0.0,0.0,31,7
gelo,84,12,0.0,0.0,32,8
gelo,85,17,0.0,0.0,33,8
gelo,86,19,0.0,0.0,34,8
gelo,87,16,0.0,0.0,35,8
gelo,88,26,0.0,0.0,36,9
gelo,89,12,0.0,0.0,37,9
gelo,90,14,0.0,0.0,38,9
gelo,91,10,0.0,0.0,39,9
gelo,92,21,0.0,0.0,40,9
gelo,93,18,0.0,0.0,41,10
gelo,94,20,0.0,0.0,42,10
gelo,95,18,0.0,0.0,43,10
gelo,96,15,0.0,0.0,44,10
gelo,97,16,0.0,0.0,45,11
gelo,98,19,0.0,0.0,46,11
gelo,99,11,0.0,0.0,47,11
gelo,100,10,0.0,0.0,48,11
gelo,101,14,0.0,0.0,49,12
gelo,102,8,0.0,0.0,50,12
padaria,1,78,74.4,28.5,1,1
padaria,2,182,63.2,22.7,2,1
padaria,3,233,67.4,24.1,3,1
padaria,4,265,66.0,27.1,4,1
padaria,5,357,65.0,23.6,5,1
padaria,6,382,67.8,27.6,6,2
padaria,7,404,52.7,22.5,7,2
padaria,8,470,35.7,23.6,8,2
padaria,9,487,68.6,18.8,9,2
padaria,10,634,68.0,19.1,10,3
padaria,11,733,44.7,23.7,11,3
padaria,12,787,44.2,24.2,12,3
padaria,13,820,53.4,19.1,13,3
padaria,14,977,47.6,21.7,14,3
padaria,15,1088,50.8,23.6,15,4
padaria,16,1245,47.7,18.8,16,4
padaria,17,1203,28.1,20.9,17,4
padaria,18,1204,40.9,18.8,18,4
padaria,19,1174,35.3,23.0,19,5
padaria,20,1355,42.1,26.9,20,5
padaria,21,1270,39.8,26.0,21,5
padaria,22,1214,40.9,22.5,22,5
padaria,23,1169,39.4,25.8,23,6
padaria,24,1388,58.3,23.8,24,6
padaria,25,1359,44.7,24.9,25,6
padaria,26,1212,52.1,25.9,26,6
padaria,27,1377,71.2,25.0,27,6
padaria,28,1188,57.7,26.3,28,7
padaria,29,1351,64.6,31.7,29,7
padaria,30,1132,58.4,27.8,30,7
padaria,31,1192,62.5,26.9,31,7
padaria,32,1241,62.3,29.0,32,8
padaria,33,1214,64.1,23.7,33,8
padaria,34,1144,59.2,27.2,34,8
padaria,35,1200,63.7,26.6,35,8
padaria,36,1123,63.2,26.4,36,9
padaria,37,1329,64.1,25.7,37,9
padaria,38,1345,64.1,25.2,38,9
padaria,39,1115,52.3,25.6,39,9
padaria,40,1093,66.8,24.6,40,9
padaria,41,1148,61.3,23.9,41,10
padaria,42,1389,71.3,28.9,42,10
padaria,43,1214,65.0,24.5,43,10
padaria,44,1384,73.9,24.9,44,10
padaria,45,1218,71.3,27.7,45,11
padaria,46,1416,61.2,26.0,46,11
padaria,47,1285,59.8,29.0,47,11
padaria,48,1142,62.8,24.2,48,11
padaria,49,1385,68.1,26.4,49,12
padaria,50,1292,64.7,25.9,50,12
padaria,51,1286,65.5,27.2,51,12
padaria,52,1260,65.9,24.5,52,12
padaria,53,1355,67.0,24.0,1,1
padaria,54,1271,66.9,26.7,2,1
padaria,55,1301,63.3,24.9,3,1
padaria,56,1315,66.0,27.3,4,1
padaria,57,1259,64.7,29.0,5,1
padaria,58,1362,67.6,28.0,6,2
padaria,59,1431,64.4,29.6,7,2
padaria,60,1353,65.3,28.7,8,2
padaria,61,1326,66.0,28.2,9,2
padaria,62,1360,69.3,32.3,10,3
padaria,63,1402,64.1,29.2,11,3
padaria,64,1332,60.0,28.9,12,3
padaria,65,1352,68.7,26.6,13,3
padaria,66,1369,76.0,28.4,14,3
padaria,67,1372,72.9,29.0,15,4
padaria,68,1524,70.9,30.1,16,4
padaria,69,1280,69.9,29.4,17,4
padaria,70,1281,61.6,27.4,18,4
padaria,71,1262,71.6,27.2,19,5
padaria,72,1529,69.8,25.7,20,5
padaria,73,1354,65.1,28.0,21,5
padaria,74,1336,69.2,27.6,22,5
padaria,75,1366,70.8,25.3,23,6
padaria,76,1300,70.0,27.8,24,6
padaria,77,1417,69.5,27.4,25,6
padaria,78,1231,69.9,24.5,26,6
padaria,79,1273,73.3,25.3,27,6
padaria,80,1194,67.7,25.1,28,7
padaria,81,1277,69.1,26.6,29,7
padaria,82,1201,66.4,25.7,30,7
padaria,83,1229,60.2,24.2,31,7
padaria,84,1183,62.9,25.0,32,8
padaria,85,1401,66.7,28.2,33,8
padaria,86,1245,61.3,27.9,34,8
padaria,87,1263,63.8,26.5,35,8
padaria,88,1251,65.1,27.0,36,9
padaria,89,1281,61.2,27.8,37,9
padaria,90,1298,63.2,25.9,38,9
padaria,91,1154,64.0,26.6,39,9
padaria,92,1452,70.6,28.5,40,9
padaria,93,1046,64.2,29.4,41,10
padaria,94,1430,67.7,27.5,42,10
padaria,95,1377,71.4,29.7,43,10
padaria,96,1396,65.8,27.5,44,10
padaria,97,1364,74.6,26.5,45,11
padaria,98,1426,68.4,27.5,46,11
padaria,99,1474,60.0,24.6,47,11
padaria,100,1281,58.2,23.3,48,11
padaria,101,1153,58.5,27.6,49,12
padaria,102,1044,62.5,25.0,50,12
refrigerante,1,110,81.8,37.4,1,1
refrigerante,2,138,79.0,34.8,2,1
refrigerante,3,183,68.3,23.5,3,1
refrigerante,4,325,76.6,35.4,4,1
refrigerante,5,352,75.9,24.5,5,1
refrigerante,6,381,67.2,35.5,6,2
refrigerante,7,396,53.8,24.9,7,2
refrigerante,8,487,66.9,32.1,8,2
refrigerante,9,468,71.8,25.0,9,2
refrigerante,10,782,79.4,37.7,10,3
refrigerante,11,704,57.8,26.6,11,3
refrigerante,12,929,90.3,32.6,12,3
refrigerante,13,932,77.4,27.0,13,3
refrigerante,14,1102,60.4,30.2,14,3
refrigerante,15,1491,82.9,38.2,15,4
refrigerante,16,1192,59.7,25.2,16,4
refrigerante,17,1269,63.6,30.8,17,4
refrigerante,18,1231,61.6,22.4,18,4
refrigerante,19,1258,67.5,30.2,19,5
refrigerante,20,1258,41.5,25.3,20,5
refrigerante,21,1341,50.1,32.9,21,5
refrigerante,22,1287,59.5,28.9,22,5
refrigerante,23,1156,56.5,20.4,23,6
refrigerante,24,1532,72.1,34.7,24,6
refrigerante,25,1282,56.9,22.7,25,6
refrigerante,26,1233,56.1,25.4,26,6
refrigerante,27,1439,57.4,25.8,27,6
refrigerante,28,1221,66.6,30.5,28,7
refrigerante,29,1196,36.1,18.2,29,7
refrigerante,30,1306,57.8,36.3,30,7
refrigerante,31,1069,45.8,28.0,31,7
refrigerante,32,1064,67.5,22.7,32,8
refrigerante,33,1081,45.0,20.8,33,8
refrigerante,34,1353,73.2,33.4,34,8
refrigerante,35,1061,41.8,16.8,35,8
refrigerante,36,1586,68.9,37.6,36,9
refrigerante,37,1069,40.9,17.5,37,9
refrigerante,38,1469,69.9,35.1,38,9
refrigerante,39,1189,67.5,22.4,39,9
refrigerante,40,1368,80.0,37.1,40,9
refrigerante,41,1456,76.4,36.4,41,10
refrigerante,42,1232,38.8,23.2,42,10
refrigerante,43,1163,48.5,32.5,43,10
refrigerante,44,1183,39.8,30.1,44,10
refrigerante,45,1224,63.4,32.4,45,11
refrigerante,46,1573,78.2,35.3,46,11
refrigerante,47,1122,58.6,17.4,47,11
refrigerante,48,1298,75.0,34.1,48,11
refrigerante,49,1206,73.9,22.9,49,12
refrigerante,50,1502,75.5,38.8,50,12
refrigerante,51,1137,69.2,20.3,51,12
refrigerante,52,1406,76.7,35.6,52,12
refrigerante,53,1160,69.2,26.9,1,1
refrigerante,54,1420,77.4,37.0,2,1
refrigerante,55,1142,65.7,25.1,3,1
refrigerante,56,1687,77.4,37.6,4,1
refrigerante,57,1118,58.9,20.0,5,1
refrigerante,58,1168,48.2,34.4,6,2
refrigerante,59,1256,39.3,16.9,7,2
refrigerante,60,1344,66.9,32.0,8,2
refrigerante,61,1062,48.2,17.2,9,2
refrigerante,62,1613,74.4,34.2,10,3
refrigerante,63,1136,61.0,24.9,11,3
refrigerante,64,1307,71.3,33.8,12,3
refrigerante,65,1119,56.8,21.2,13,3
refrigerante,66,1102,64.2,24.2,14,3
refrigerante,67,1619,85.2,37.1,15,4
refrigerante,68,1379,70.7,25.1,16,4
refrigerante,69,1285,75.1,29.2,17,4
refrigerante,70,1178,67.0,21.7,18,4
refrigerante,71,1423,72.1,31.4,19,5
refrigerante,72,1442,69.1,26.5,20,5
refrigerante,73,1433,71.7,31.8,21,5
refrigerante,74,1144,65.7,23.1,22,5
refrigerante,75,1264,66.5,27.9,23,6
refrigerante,76,1401,80.7,32.9,24,6
refrigerante,77,1167,72.4,21.7,25,6
refrigerante,78,1095,75.6,26.0,26,6
refrigerante,79,1063,78.4,22.0,27,6
refrigerante,80,1045,73.0,21.3,28,7
refrigerante,81,1228,62.0,19.7,29,7
refrigerante,82,1002,44.2,10.0,30,7
refrigerante,83,1108,71.0,21.4,31,7
refrigerante,84,1175,73.7,26.5,32,8
refrigerante,85,1172,70.8,14.9,33,8
refrigerante,86,1099,72.0,14.0,34,8
refrigerante,87,1174,67.0,30.4,35,8
refrigerante,88,1372,72.2,32.6,36,9
refrigerante,89,1093,43.5,17.9,37,9
refrigerante,90,1137,59.6,25.7,38,9
refrigerante,91,1155,68.3,26.1,39,9
refrigerante,92,1625,75.3,33.7,40,9
refrigerante,93,1167,72.6,33.7,41,10
refrigerante,94,1086,43.1,18.6,42,10
refrigerante,95,1300,56.3,36.6,43,10
refrigerante,96,1209,59.9,32.2,44,10
refrigerante,97,1157,58.4,32.3,45,11
refrigerante,98,1417,58.6,34.3,46,11
refrigerante,99,1172,60.6,23.6,47,11
refrigerante,100,1228,64.5,27.1,48,11
refrigerante,101,1040,58.4,22.4,49,12
refrigerante,102,1052,65.8,28.1,50,12
sanduiche,1,13,84.6,31.8,1,1
sanduiche,2,21,61.9,28.5,2,1
sanduiche,3,22,36.4,34.9,3,1
sanduiche,4,26,57.7,34.5,4,1
sanduiche,5,33,60.6,30.5,5,1
sanduiche,6,41,53.7,29.7,6,2
sanduiche,7,52,59.6,29.1,7,2
sanduiche,8,44,50.0,23.3,8,2
sanduiche,9,56,55.4,29.4,9,2
sanduiche,10,51,62.7,22.4,10,3
sanduiche,11,112,60.7,26.0,11,3
sanduiche,12,84,47.6,26.7,12,3
sanduiche,13,99,35.4,31.0,13,3
sanduiche,14,105,74.3,27.6,14,3
sanduiche,15,112,65.2,25.3,15,4
sanduiche,16,100,57.0,25.3,16,4
sanduiche,17,147,63.9,33.9,17,4
sanduiche,18,110,50.9,29.6,18,4
sanduiche,19,118,73.7,31.2,19,5
sanduiche,20,138,52.9,20.7,20,5
sanduiche,21,139,41.7,30.5,21,5
sanduiche,22,127,65.4,30.9,22,5
sanduiche,23,115,54.8,28.0,23,6
sanduiche,24,135,57.8,29.5,24,6
sanduiche,25,130,56.2,27.5,25,6
sanduiche,26,124,67.7,28.9,26,6
sanduiche,27,128,65.6,30.2,27,6
sanduiche,28,142,69.7,26.7,28,7
sanduiche,29,187,80.2,28.5,29,7
sanduiche,30,133,67.7,29.9,30,7
sanduiche,31,142,61.3,28.7,31,7
sanduiche,32,134,64.2,34.7,32,8
sanduiche,33,168,73.8,30.1,33,8
sanduiche,34,155,65.2,33.3,34,8
sanduiche,35,172,82.6,29.6,35,8
sanduiche,36,156,78.8,31.5,36,9
sanduiche,37,184,72.8,34.9,37,9
sanduiche,38,236,70.3,33.9,38,9
sanduiche,39,161,59.0,35.4,39,9
sanduiche,40,213,74.6,31.5,40,9
sanduiche,41,168,58.3,31.1,41,10
sanduiche,42,181,53.6,29.7,42,10
sanduiche,43,147,44.9,31.7,43,10
sanduiche,44,135,60.0,39.0,44,10
sanduiche,45,142,67.6,29.3,45,11
sanduiche,46,160,55.6,33.5,46,11
sanduiche,47,168,70.8,28.8,47,11
sanduiche,48,149,83.9,29.8,48,11
sanduiche,49,147,61.2,29.1,49,12
sanduiche,50,179,63.7,28.0,50,12
sanduiche,51,175,62.3,30.1,51,12
sanduiche,52,99,50.5,30.3,52,12
sanduiche,53,181,72.9,27.4,1,1
sanduiche,54,138,47.8,41.0,2,1
sanduiche,55,156,64.7,36.3,3,1
sanduiche,56,166,77.1,30.1,4,1
sanduiche,57,151,68.2,35.8,5,1
sanduiche,58,111,56.8,31.7,6,2
sanduiche,59,164,61.6,40.4,7,2
sanduiche,60,152,52.6,35.9,8,2
sanduiche,61,143,67.1,31.3,9,2
sanduiche,62,118,61.9,29.1,10,3
sanduiche,63,119,65.5,27.0,11,3
sanduiche,64,158,65.2,27.8,12,3
sanduiche,65,170,66.5,45.8,13,3
sanduiche,66,104,74.0,30.5,14,3
sanduiche,67,131,63.4,33.3,15,4
sanduiche,68,159,62.3,34.5,16,4
sanduiche,69,175,72.0,30.9,17,4
sanduiche,70,146,60.3,30.0,18,4
sanduiche,71,118,45.8,31.8,19,5
sanduiche,72,181,63.5,28.8,20,5
sanduiche,73,123,51.2,33.1,21,5
sanduiche,74,108,26.9,34.3,22,5
sanduiche,75,141,67.4,31.8,23,6
sanduiche,76,108,52.8,39.3,24,6
sanduiche,77,148,50.7,33.9,25,6
sanduiche,78,122,55.7,30.0,26,6
sanduiche,79,130,65.4,23.6,27,6
sanduiche,80,162,66.0,32.3,28,7
sanduiche,81,142,60.6,23.6,29,7
sanduiche,82,138,62.3,32.8,30,7
sanduiche,83,104,69.2,29.8,31,7
sanduiche,84,152,71.7,27.5,32,8
sanduiche,85,170,75.9,23.7,33,8
sanduiche,86,171,64.3,32.5,34,8
sanduiche,87,154,72.1,32.3,35,8
sanduiche,88,175,85.7,31.5,36,9
sanduiche,89,143,76.9,27.3,37,9
sanduiche,90,186,60.2,37.4,38,9
sanduiche,91,130,53.8,31.9,39,9
sanduiche,92,215,65.1,34.6,40,9
sanduiche,93,172,62.8,32.7,41,10
sanduiche,94,182,69.8,24.5,42,10
sanduiche,95,157,63.1,32.0,43,10
sanduiche,96,151,66.2,24.0,44,10
sanduiche,97,203,74.9,29.8,45,11
sanduiche,98,182,77.5,25.7,46,11
sanduiche,99,188,60.6,30.7,47,11
sanduiche,100,182,72.5,29.0,48,11
sanduiche,101,162,77.8,28.9,49,12
sanduiche,102,141,67.4,29.9,50,12
snack,1,76,52.6,27.1,1,1
snack,2,181,51.9,22.5,2,1
snack,3,214,49.1,25.5,3,1
snack,4,220,55.0,23.1,4,1
snack,5,283,54.8,28.8,5,1
snack,6,354,60.7,23.6,6,2
snack,7,348,55.2,20.7,7,2
snack,8,544,65.6,26.3,8,2
snack,9,545,61.3,27.5,9,2
snack,10,628,54.8,27.1,10,3
snack,11,748,54.5,24.6,11,3
snack,12,819,57.1,28.0,12,3
snack,13,857,57.4,27.2,13,3
snack,14,1049,67.6,28.3,14,3
snack,15,1139,67.5,30.1,15,4
snack,16,1176,65.9,24.8,16,4
snack,17,1133,55.3,26.2,17,4
snack,18,1167,51.8,27.0,18,4
snack,19,1093,52.8,28.2,19,5
snack,20,1501,58.3,26.7,20,5
snack,21,1346,59.7,22.2,21,5
snack,22,1132,54.5,24.3,22,5
snack,23,1105,46.5,25.9,23,6
snack,24,1270,42.8,19.2,24,6
snack,25,1325,43.5,22.9,25,6
snack,26,1141,37.9,22.5,26,6
snack,27,1285,51.6,25.7,27,6
snack,28,1113,28.8,22.6,28,7
snack,29,1274,56.1,21.9,29,7
snack,30,1240,51.0,21.4,30,7
snack,31,1255,51.6,26.4,31,7
snack,32,1188,57.5,24.2,32,8
snack,33,1117,43.2,23.3,33,8
snack,34,1144,39.1,21.7,34,8
snack,35,1054,51.1,18.6,35,8
snack,36,977,42.7,16.3,36,9
snack,37,1192,39.8,20.4,37,9
snack,38,1261,40.0,20.1,38,9
snack,39,1164,45.8,20.7,39,9
snack,40,1063,50.1,20.4,40,9
snack,41,1329,56.8,23.7,41,10
snack,42,1343,54.7,23.5,42,10
snack,43,1159,55.5,23.6,43,10
snack,44,1193,51.1,28.3,44,10
snack,45,1177,51.4,26.7,45,11
snack,46,1709,62.0,25.6,46,11
snack,47,1291,48.3,26.9,47,11
snack,48,1110,48.9,21.5,48,11
snack,49,1312,40.0,23.7,49,12
snack,50,1217,35.3,22.1,50,12
snack,51,1256,49.0,22.2,51,12
snack,52,1204,54.0,22.7,52,12
snack,53,1239,45.9,26.1,1,1
snack,54,1245,46.0,18.6,2,1
snack,55,1337,42.9,21.7,3,1
snack,56,1166,50.8,17.5,4,1
snack,57,1195,47.1,22.6,5,1
snack,58,1263,47.5,24.7,6,2
snack,59,1501,58.0,20.1,7,2
snack,60,1234,47.2,25.4,8,2
snack,61,1315,56.7,23.0,9,2
snack,62,1312,53.8,20.5,10,3
snack,63,1307,43.8,21.2,11,3
snack,64,1177,39.5,23.7,12,3
snack,65,1243,43.6,23.1,13,3
snack,66,1142,54.9,25.2,14,3
snack,67,1300,61.5,24.9,15,4
snack,68,1453,54.7,26.2,16,4
snack,69,1321,52.3,25.9,17,4
snack,70,1213,44.2,24.0,18,4
snack,71,1162,53.5,20.6,19,5
snack,72,1427,49.1,25.9,20,5
snack,73,1195,44.4,25.2,21,5
snack,74,1255,49.8,20.4,22,5
snack,75,1275,46.5,26.8,23,6
snack,76,1257,59.4,24.2,24,6
snack,77,1336,46.0,22.2,25,6
snack,78,1144,50.6,22.8,26,6
snack,79,1239,44.4,22.1,27,6
snack,80,1153,46.2,23.8,28,7
snack,81,1322,45.4,20.2,29,7
snack,82,1254,48.7,22.2,30,7
snack,83,1169,53.6,23.1,31,7
snack,84,1304,58.7,24.8,32,8
snack,85,1235,44.0,20.5,33,8
snack,86,1219,40.7,20.7,34,8
snack,87,1119,45.6,22.6,35,8
snack,88,1057,41.5,22.5,36,9
snack,89,1273,36.6,24.0,37,9
snack,90,1291,50.3,24.9,38,9
snack,91,1235,46.5,26.4,39,9
snack,92,1365,53.3,24.4,40,9
snack,93,1161,64.6,24.9,41,10
snack,94,1375,50.0,25.3,42,10
snack,95,1308,52.8,26.2,43,10
snack,96,1299,54.1,25.4,44,10
snack,97,1271,58.1,25.5,45,11
snack,98,1639,57.0,24.7,46,11
snack,99,1508,51.3,26.0,47,11
snack,100,1289,44.5,29.3,48,11
snack,101,1111,44.2,22.9,49,12
snack,102,982,38.0,20.2,50,12
sorvete,1,21,76.2,34.3,1,1
sorvete,2,59,83.1,26.5,2,1
sorvete,3,73,97.3,31.2,3,1
sorvete,4,88,83.0,31.1,4,1
sorvete,5,113,85.8,24.5,5,1
sorvete,6,159,88.1,33.8,6,2
sorvete,7,114,80.7,29.7,7,2
sorvete,8,154,83.1,29.9,8,2
sorvete,9,209,73.7,39.3,9,2
sorvete,10,233,87.1,36.6,10,3
sorvete,11,268,86.2,31.1,11,3
sorvete,12,328,87.2,32.1,12,3
sorvete,13,345,81.4,29.9,13,3
sorvete,14,706,91.9,45.4,14,3
sorvete,15,411,87.3,31.6,15,4
sorvete,16,501,88.2,34.1,16,4
sorvete,17,456,86.4,29.8,17,4
sorvete,18,440,82.5,29.3,18,4
sorvete,19,497,88.3,35.2,19,5
sorvete,20,593,87.9,38.3,20,5
sorvete,21,510,82.9,30.0,21,5
sorvete,22,487,86.0,32.9,22,5
sorvete,23,394,82.5,33.6,23,6
sorvete,24,505,81.8,31.3,24,6
sorvete,25,422,76.3,27.1,25,6
sorvete,26,434,62.7,43.0,26,6
sorvete,27,480,81.2,39.2,27,6
sorvete,28,350,78.9,29.9,28,7
sorvete,29,423,81.8,36.1,29,7
sorvete,30,380,73.4,36.1,30,7
sorvete,31,629,83.5,49.9,31,7
sorvete,32,276,68.8,29.9,32,8
sorvete,33,359,79.1,35.6,33,8
sorvete,34,379,66.5,36.3,34,8
sorvete,35,333,68.2,36.3,35,8
sorvete,36,315,68.3,37.8,36,9
sorvete,37,354,68.9,35.4,37,9
sorvete,38,314,63.4,35.2,38,9
sorvete,39,262,65.3,28.8,39,9
sorvete,40,291,64.3,27.8,40,9
sorvete,41,299,69.6,29.5,41,10
sorvete,42,369,59.9,29.1,42,10
sorvete,43,373,71.3,33.6,43,10
sorvete,44,664,80.0,47.9,44,10
sorvete,45,374,65.8,32.9,45,11
sorvete,46,427,61.4,34.1,46,11
sorvete,47,392,65.8,33.9,47,11
sorvete,48,337,62.6,26.9,48,11
sorvete,49,519,75.9,38.2,49,12
sorvete,50,424,63.7,31.2,50,12
sorvete,51,409,72.9,32.6,51,12
sorvete,52,399,67.9,29.1,52,12
sorvete,53,522,72.4,34.1,1,1
sorvete,54,475,75.8,32.5,2,1
sorvete,55,417,80.6,29.0,3,1
sorvete,56,418,71.5,25.9,4,1
sorvete,57,390,76.9,30.3,5,1
sorvete,58,402,78.4,31.1,6,2
sorvete,59,462,77.7,29.0,7,2
sorvete,60,415,75.4,29.3,8,2
sorvete,61,625,87.5,39.6,9,2
sorvete,62,548,75.0,41.4,10,3
sorvete,63,578,68.7,32.0,11,3
sorvete,64,531,77.8,30.5,12,3
sorvete,65,502,65.9,30.2,13,3
sorvete,66,764,81.5,41.0,14,3
sorvete,67,571,82.1,37.5,15,4
sorvete,68,687,81.8,35.8,16,4
sorvete,69,493,71.0,28.7,17,4
sorvete,70,545,75.6,31.9,18,4
sorvete,71,811,86.1,44.4,19,5
sorvete,72,722,83.2,38.6,20,5
sorvete,73,533,68.7,39.5,21,5
sorvete,74,490,80.8,36.5,22,5
sorvete,75,498,71.3,41.9,23,6
sorvete,76,442,80.8,35.6,24,6
sorvete,77,454,73.6,30.0,25,6
sorvete,78,442,69.9,32.4,26,6
sorvete,79,650,86.0,43.5,27,6
sorvete,80,387,81.4,32.1,28,7
sorvete,81,423,73.5,31.1,29,7
sorvete,82,375,70.4,30.5,30,7
sorvete,83,406,79.8,36.1,31,7
sorvete,84,400,80.5,36.7,32,8
sorvete,85,415,74.9,38.3,33,8
sorvete,86,362,71.8,36.6,34,8
sorvete,87,367,74.7,31.2,35,8
sorvete,88,310,69.0,29.9,36,9
sorvete,89,372,68.8,37.0,37,9
sorvete,90,390,81.3,37.2,38,9
sorvete,91,344,69.8,35.0,39,9
sorvete,92,393,80.7,40.9,40,9
sorvete,93,352,74.1,36.0,41,10
sorvete,94,382,62.3,33.8,42,10
sorvete,95,413,67.8,39.4,43,10
sorvete,96,443,63.2,42.5,44,10
sorvete,97,433,78.1,37.2,45,11
sorvete,98,434,65.7,39.2,46,11
sorvete,99,459,80.8,39.6,47,11
sorvete,100,457,78.3,39.9,48,11
sorvete,101,336,70.8,34.6,49,12
sorvete,102,302,80.8,34.7,50,12
suco,1,40,82.5,28.9,1,1
suco,2,93,78.5,24.1,2,1
suco,3,152,76.3,35.0,3,1
suco,4,134,70.9,27.5,4,1
suco,5,157,67.5,27.1,5,1
suco,6,218,70.2,33.2,6,2
suco,7,229,79.0,32.3,7,2
suco,8,293,74.7,32.8,8,2
suco,9,301,76.4,35.3,9,2
suco,10,302,70.5,28.7,10,3
suco,11,402,71.9,29.8,11,3
suco,12,448,78.6,29.8,12,3
suco,13,498,79.1,34.1,13,3
suco,14,665,75.0,38.6,14,3
suco,15,546,67.0,32.4,15,4
suco,16,686,74.5,33.5,16,4
suco,17,649,72.6,32.8,17,4
suco,18,708,72.3,34.2,18,4
suco,19,562,62.3,31.8,19,5
suco,20,836,71.3,36.3,20,5
suco,21,675,71.9,30.7,21,5
suco,22,617,64.0,29.9,22,5
suco,23,651,63.0,37.1,23,6
suco,24,648,49.5,33.4,24,6
suco,25,783,65.5,34.6,25,6
suco,26,580,50.5,33.6,26,6
suco,27,593,56.7,32.8,27,6
suco,28,531,50.7,30.3,28,7
suco,29,704,52.7,27.7,29,7
suco,30,602,53.5,29.3,30,7
suco,31,600,55.8,30.7,31,7
suco,32,588,45.9,31.4,32,8
suco,33,764,61.9,32.4,33,8
suco,34,664,53.8,34.5,34,8
suco,35,647,65.1,35.4,35,8
suco,36,627,55.5,34.5,36,9
suco,37,758,64.6,35.0,37,9
suco,38,694,48.6,34.8,38,9
suco,39,626,67.6,33.4,39,9
suco,40,539,49.4,32.5,40,9
suco,41,731,45.4,27.5,41,10
suco,42,912,59.9,27.1,42,10
suco,43,638,48.1,24.3,43,10
suco,44,837,65.8,28.8,44,10
suco,45,596,49.3,20.6,45,11
suco,46,714,43.1,16.9,46,11
suco,47,717,55.2,21.5,47,11
suco,48,576,53.6,23.0,48,11
suco,49,801,64.7,29.1,49,12
suco,50,752,46.4,31.6,50,12
suco,51,744,56.5,34.5,51,12
suco,52,592,45.1,24.9,52,12
suco,53,734,57.6,33.9,1,1
suco,54,587,41.6,24.8,2,1
suco,55,723,56.3,35.0,3,1
suco,56,595,43.5,26.2,4,1
suco,57,671,58.4,30.6,5,1
suco,58,575,54.8,23.1,6,2
suco,59,766,61.7,28.6,7,2
suco,60,620,51.6,21.1,8,2
suco,61,673,62.7,28.1,9,2
suco,62,610,57.0,22.4,10,3
suco,63,751,64.7,30.1,11,3
suco,64,712,52.7,32.8,12,3
suco,65,719,59.1,37.9,13,3
suco,66,619,65.8,36.8,14,3
suco,67,637,48.7,35.8,15,4
suco,68,723,43.8,36.0,16,4
suco,69,573,27.1,23.6,17,4
suco,70,592,51.2,38.6,18,4
suco,71,556,41.0,31.9,19,5
suco,72,787,48.2,35.0,20,5
suco,73,610,36.1,24.7,21,5
suco,74,601,63.1,21.0,22,5
suco,75,646,53.6,20.9,23,6
suco,76,554,50.7,21.0,24,6
suco,77,721,47.4,22.8,25,6
suco,78,559,50.4,15.7,26,6
suco,79,574,50.7,19.4,27,6
suco,80,583,45.3,19.7,28,7
suco,81,654,53.7,18.8,29,7
suco,82,618,58.4,19.1,30,7
suco,83,597,56.8,20.1,31,7
suco,84,607,59.8,19.5,32,8
suco,85,697,51.4,17.4,33,8
suco,86,654,55.5,21.8,34,8
suco,87,583,55.9,22.2,35,8
suco,88,601,55.4,20.7,36,9
suco,89,658,50.9,20.1,37,9
suco,90,656,51.4,17.3,38,9
suco,91,589,54.3,17.6,39,9
suco,92,747,56.5,17.5,40,9
suco,93,593,57.7,17.9,41,10
suco,94,812,58.0,21.3,42,10
suco,95,654,57.6,23.6,43,10
suco,96,713,58.5,21.5,44,10
suco,97,635,53.1,21.0,45,11
suco,98,658,51.2,16.8,46,11
suco,99,751,47.7,21.1,47,11
suco,100,643,36.5,21.4,48,11
suco,101,630,41.6,18.1,49,12
suco,102,506,39.7,19.4,50,12
vinho,1,5,0.0,0.0,1,1
vinho,2,17,0.0,0.0,2,1
vinho,3,14,0.0,0.0,3,1
vinho,4,15,0.0,0.0,4,1
vinho,5,27,0.0,0.0,5,1
vinho,6,26,0.0,0.0,6,2
vinho,7,31,0.0,0.0,7,2
vinho,8,30,3.3,21.8,8,2
vinho,9,36,0.0,0.0,9,2
vinho,10,56,0.0,0.0,10,3
vinho,11,74,0.0,0.0,11,3
vinho,12,46,0.0,0.0,12,3
vinho,13,56,0.0,0.0,13,3
vinho,14,69,0.0,0.0,14,3
vinho,15,82,0.0,0.0,15,4
vinho,16,81,2.5,12.5,16,4
vinho,17,72,4.2,33.0,17,4
vinho,18,73,0.0,0.0,18,4
vinho,19,81,3.7,9.1,19,5
vinho,20,82,0.0,0.0,20,5
vinho,21,83,0.0,0.0,21,5
vinho,22,107,2.8,23.5,22,5
vinho,23,84,1.2,16.0,23,6
vinho,24,79,0.0,0.0,24,6
vinho,25,104,0.0,0.0,25,6
vinho,26,76,1.3,50.0,26,6
vinho,27,89,0.0,0.0,27,6
vinho,28,89,0.0,0.0,28,7
vinho,29,81,0.0,0.0,29,7
vinho,30,87,0.0,0.0,30,7
vinho,31,84,0.0,0.0,31,7
vinho,32,100,0.0,0.0,32,8
vinho,33,101,0.0,0.0,33,8
vinho,34,106,0.9,5.5,34,8
vinho,35,86,0.0,0.0,35,8
vinho,36,150,1.3,38.1,36,9
vinho,37,120,0.0,0.0,37,9
vinho,38,112,0.0,0.0,38,9
vinho,39,111,3.6,47.1,39,9
vinho,40,170,0.6,33.3,40,9
vinho,41,191,0.0,0.0,41,10
vinho,42,72,0.0,0.0,42,10
vinho,43,68,0.0,0.0,43,10
vinho,44,98,0.0,0.0,44,10
vinho,45,87,0.0,0.0,45,11
vinho,46,116,0.0,0.0,46,11
vinho,47,98,0.0,0.0,47,11
vinho,48,107,0.0,0.0,48,11
vinho,49,74,0.0,0.0,49,12
vinho,50,95,0.0,0.0,50,12
vinho,51,102,0.0,0.0,51,12
vinho,52,78,0.0,0.0,52,12
vinho,53,88,0.0,0.0,1,1
vinho,54,83,0.0,0.0,2,1
vinho,55,93,2.2,15.4,3,1
vinho,56,112,0.0,0.0,4,1
vinho,57,90,0.0,0.0,5,1
vinho,58,87,0.0,0.0,6,2
vinho,59,94,0.0,0.0,7,2
vinho,60,94,0.0,0.0,8,2
vinho,61,105,1.0,7.0,9,2
vinho,62,92,0.0,0.0,10,3
vinho,63,95,2.1,35.4,11,3
vinho,64,73,0.0,0.0,12,3
vinho,65,108,3.7,39.0,13,3
vinho,66,79,1.3,31.2,14,3
vinho,67,103,0.0,0.0,15,4
vinho,68,99,2.0,22.3,16,4
vinho,69,98,0.0,0.0,17,4
vinho,70,83,0.0,0.0,18,4
vinho,71,83,0.0,0.0,19,5
vinho,72,94,0.0,0.0,20,5
vinho,73,88,1.1,17.7,21,5
vinho,74,87,1.1,25.0,22,5
vinho,75,83,1.2,29.9,23,6
vinho,76,90,0.0,0.0,24,6
vinho,77,103,1.9,24.9,25,6
vinho,78,82,1.2,25.0,26,6
vinho,79,94,1.1,6.7,27,6
vinho,80,105,1.0,18.5,28,7
vinho,81,84,1.2,25.0,29,7
vinho,82,83,0.0,0.0,30,7
vinho,83,100,0.0,0.0,31,7
vinho,84,101,1.0,32.8,32,8
vinho,85,94,1.1,16.3,33,8
vinho,86,112,2.7,16.1,34,8
vinho,87,134,2.2,18.6,35,8
vinho,88,154,0.0,0.0,36,9
vinho,89,119,0.8,25.0,37,9
vinho,90,121,1.7,9.4,38,9
vinho,91,118,4.2,24.1,39,9
vinho,92,202,0.5,31.2,40,9
vinho,93,156,0.0,0.0,41,10
vinho,94,102,0.0,0.0,42,10
vinho,95,107,0.9,32.5,43,10
vinho,96,105,1.0,21.3,44,10
vinho,97,123,0.8,36.0,45,11
vinho,98,101,2.0,21.8,46,11
vinho,99,130,0.8,16.2,47,11
vinho,100,131,3.1,16.9,48,11
vinho,101,90,0.0,0.0,49,12
vinho,102,79,0.0,0.0,50,12
